,title_name,season_number,offering_start_date,asset_run_time_hours,content_category,program_type,medal,Genre,is_pay_1,hit_series,medal_number,content_category_movies,content_category_series,program_type_acquired,program_type_original,genre_Action/Adventure ,genre_Comedy,genre_Drama,sig_pred,logged_pred,prediction
0,100 FOOT WAVE S2,2.0,2023-04-01,6.0,Docuseries,HBO OP,Platinum,Unscripted,0,0,0.0,0,0,0,1,0,0,0,1,-4.189552582032536,0.05480485138389142
1,RAMY YOUSSEF SPECIAL,,2023-11-01,1.0,Special / Stand-Up,HBO OP,Gold,Unscripted,0,0,1.0,0,0,0,1,0,0,0,1,-4.9174484755593015,0.03309028492816085
2,SEEN & HEARD,,2024-05-01,3.0,Documentary,HBO OP,Gold,Unscripted,0,0,1.0,0,0,0,1,0,0,0,1,-4.9174484755593015,0.03309028492816085
3,THE IDOL S1,1.0,2023-06-01,5.0,Scripted Series - Live Action Drama,HBO OP,Silver,Drama,0,0,2.0,0,1,0,1,1,0,1,1,-5.275512853724931,0.025817393163572882
4,HER NAME WAS TAWANA,1.0,2023-11-01,5.0,Docuseries,HBO OP,Platinum,Unscripted,0,0,0.0,0,0,0,1,0,0,0,1,-4.189552582032536,0.05480485138389142
5,GAME THEORY S2,2.0,2023-01-01,5.0,Sports - Talk,HBO OP,Gold,Unscripted,0,0,1.0,0,0,0,1,0,0,0,1,-4.9174484755593015,0.03309028492816085
6,REAL SPORTS S29,29.0,2023-01-01,12.0,Sports - Talk,HBO OP,Gold,Unscripted,0,0,1.0,0,0,0,1,0,0,0,1,-4.9174484755593015,0.03309028492816085
7,THE LAST OF US S1,1.0,2023-01-01,9.5,Scripted Series - Live Action Drama,HBO OP,Platinum,Drama,0,1,0.0,0,1,0,1,1,0,1,1,-2.966080402505706,0.1279737302802674
8,WHITE HOUSE PLUMBERS,1.0,2023-05-01,5.0,Scripted Limited Series - Live Action Drama,HBO OP,Platinum,Drama,0,0,0.0,0,1,0,1,1,0,1,1,-4.3739183601734455,0.048230234665934214
9,REAL TIME WITH BILL MAHER S21,21.0,2023-01-01,35.0,News / Talk,HBO OP,Gold,Unscripted,0,0,1.0,0,0,0,1,0,0,0,1,-4.9174484755593015,0.03309028492816085
10,"THE JINX, PART TWO",2.0,2023-10-01,6.5,Docuseries,HBO OP,Platinum,Unscripted,0,0,0.0,0,0,0,1,0,0,0,1,-4.189552582032536,0.05480485138389142
11,LAST WEEK TONIGHT WITH JOHN OLIVER S10,10.0,2023-02-01,15.0,News / Talk,HBO OP,Platinum,Unscripted,0,0,0.0,0,0,0,1,0,0,0,1,-4.189552582032536,0.05480485138389142
12,PERRY MASON S2,2.0,2023-03-01,8.0,Scripted Series - Live Action Drama,HBO OP,Platinum,Drama,0,0,0.0,0,1,0,1,1,0,1,1,-4.3739183601734455,0.048230234665934214
13,RAIN DOGS S1,1.0,2023-03-01,4.0,Scripted Series - Live Action Comedy,HBO OP,Silver,Comedy,0,0,2.0,0,1,0,1,1,1,0,1,-5.3546562390804375,0.024439248962822527
14,SOMEBODY SOMEWHERE S2,2.0,2023-04-01,3.5,Scripted Series - Live Action Comedy,HBO OP,Gold,Comedy,0,0,1.0,0,1,0,1,1,1,0,1,-5.180957639055717,0.027566164558427128
15,BS HIGH,,2023-08-01,1.5,Documentary,HBO OP,Gold,Unscripted,0,0,1.0,0,0,0,1,0,0,0,1,-4.9174484755593015,0.03309028492816085
16,THE YOGURT SHOP MURDERS,1.0,2024-09-01,4.0,Docuseries,HBO OP,Platinum,Unscripted,0,0,0.0,0,0,0,1,0,0,0,1,-4.189552582032536,0.05480485138389142
17,SUCCESSION S4,4.0,2023-03-01,10.0,Scripted Series - Live Action Drama,HBO OP,Platinum,Drama,0,0,0.0,0,1,0,1,1,0,1,1,-4.3739183601734455,0.048230234665934214
18,ANGEL CITY,1.0,2023-05-01,3.0,Docuseries,HBO OP,Platinum,Unscripted,0,0,0.0,0,0,0,1,0,0,0,1,-4.189552582032536,0.05480485138389142
19,TBD DOCUSERIES F,1.0,2026-09-01,4.0,Docuseries,HBO OP,Platinum,Unscripted,0,0,0.0,0,0,0,1,0,0,0,1,-4.189552582032536,0.05480485138389142
20,THE TELEMARKETERS,1.0,2023-08-01,3.0,Docuseries,HBO OP,Platinum,Unscripted,0,0,0.0,0,0,0,1,0,0,0,1,-4.189552582032536,0.05480485138389142
21,A BLACK LADY SKETCH SHOW S4,4.0,2023-04-01,3.0,Scripted Series - Live Action Comedy,HBO OP,Gold,Comedy,0,0,1.0,0,1,0,1,1,1,0,1,-5.180957639055717,0.027566164558427128
22,BARRY S4,4.0,2023-04-01,4.0,Scripted Series - Live Action Comedy,HBO OP,Platinum,Comedy,0,0,0.0,0,1,0,1,1,1,0,1,-4.453061745528952,0.04565568278207208
23,THE RIGHTEOUS GEMSTONES S3,3.0,2023-06-01,4.5,Scripted Series - Live Action Comedy,HBO OP,Platinum,Comedy,0,0,0.0,0,1,0,1,1,1,0,1,-4.453061745528952,0.04565568278207208
24,THE GILDED AGE S2,2.0,2023-09-01,8.0,Scripted Series - Live Action Drama,HBO OP,Platinum,Drama,0,0,0.0,0,1,0,1,1,0,1,1,-4.3739183601734455,0.048230234665934214
25,FANTASMAS S1,1.0,2024-02-01,3.0,Scripted Series - Live Action Comedy,HBO OP,Silver,Comedy,0,0,2.0,0,1,0,1,1,1,0,1,-5.3546562390804375,0.024439248962822527
26,SARAH SILVERMAN SPECIAL,,2023-05-01,1.0,Special / Stand-Up,HBO OP,Platinum,Unscripted,0,0,0.0,0,0,0,1,0,0,0,1,-4.189552582032536,0.05480485138389142
27,TBD DOCUSERIES G,1.0,2026-12-01,6.0,Docuseries,HBO OP,Platinum,Unscripted,0,0,0.0,0,0,0,1,0,0,0,1,-4.189552582032536,0.05480485138389142
28,EDGE OF THE EARTH S2,2.0,2025-10-01,4.0,Docuseries,HBO OP,Platinum,Unscripted,0,0,0.0,0,0,0,1,0,0,0,1,-4.189552582032536,0.05480485138389142
29,WINNING TIME S2,2.0,2023-08-01,7.0,Scripted Series - Live Action Drama,HBO OP,Platinum,Drama,0,0,0.0,0,1,0,1,1,0,1,1,-4.3739183601734455,0.048230234665934214
30,HOW TO WITH JOHN WILSON S3,3.0,2023-07-01,3.0,Scripted Series - Live Action Comedy,HBO OP,Bronze,Comedy,0,0,3.0,0,1,0,1,1,1,0,1,-6.434557154357041,0.011561263184473165
31,HARD KNOCKS S18,18.0,2023-08-01,5.0,Sports - Special / Limited Series / Doc,HBO OP,Gold,Unscripted,0,0,1.0,0,1,0,1,0,0,0,1,-5.223365167547522,0.026767659936591654
32,TBD DOCUSERIES B,1.0,2026-03-01,3.0,Docuseries,HBO OP,Platinum,Unscripted,0,0,0.0,0,0,0,1,0,0,0,1,-4.189552582032536,0.05480485138389142
33,TBD DOCUSERIES E,1.0,2026-02-01,12.0,Docuseries,HBO OP,Platinum,Unscripted,0,0,0.0,0,0,0,1,0,0,0,1,-4.189552582032536,0.05480485138389142
34,TRUE DETECTIVE S4,4.0,2023-11-01,6.0,Scripted Series - Live Action Drama,HBO OP,Platinum,Drama,0,0,0.0,0,1,0,1,1,0,1,1,-4.3739183601734455,0.048230234665934214
35,CURB YOUR ENTHUSIASM S12,12.0,2024-01-01,5.5,Scripted Series - Live Action Comedy,HBO OP,Platinum,Comedy,0,0,0.0,0,1,0,1,1,1,0,1,-4.453061745528952,0.04565568278207208
36,BLOOD IN THE GARDEN,1.0,2026-05-01,9.0,Docuseries,HBO OP,Platinum,Unscripted,0,0,0.0,0,0,0,1,0,0,0,1,-4.189552582032536,0.05480485138389142
37,TBD DOCUSERIES C,1.0,2026-04-01,6.0,Docuseries,HBO OP,Platinum,Unscripted,0,0,0.0,0,0,0,1,0,0,0,1,-4.189552582032536,0.05480485138389142
38,THE PALACE,1.0,2023-11-01,6.0,Scripted Limited Series - Live Action Drama,HBO OP,Silver,Drama,0,0,2.0,0,1,0,1,1,0,1,1,-5.275512853724931,0.025817393163572882
39,THE REHEARSAL S2,2.0,2024-04-01,3.0,Scripted Series - Live Action Comedy,HBO OP,Gold,Comedy,0,0,1.0,0,1,0,1,1,1,0,1,-5.180957639055717,0.027566164558427128
40,TBD DOCUSERIES A,1.0,2026-01-01,4.5,Docuseries,HBO OP,Platinum,Unscripted,0,0,0.0,0,0,0,1,0,0,0,1,-4.189552582032536,0.05480485138389142
41,TBD DOCUSERIES D,1.0,2026-07-01,3.0,Docuseries,HBO OP,Platinum,Unscripted,0,0,0.0,0,0,0,1,0,0,0,1,-4.189552582032536,0.05480485138389142
42,EUPHORIA S3,3.0,2025-01-01,8.0,Scripted Series - Live Action Drama,HBO OP,Platinum,Drama,0,1,0.0,0,1,0,1,1,0,1,1,-2.966080402505706,0.1279737302802674
43,REAL SPORTS S30,30.0,2024-01-01,12.0,Sports - Talk,HBO OP,Gold,Unscripted,0,0,1.0,0,0,0,1,0,0,0,1,-4.9174484755593015,0.03309028492816085
44,REAL TIME WITH BILL MAHER S22,22.0,2024-01-01,35.0,News / Talk,HBO OP,Gold,Unscripted,0,0,1.0,0,0,0,1,0,0,0,1,-4.9174484755593015,0.03309028492816085
45,LAST WEEK TONIGHT WITH JOHN OLIVER S11,11.0,2024-02-01,15.0,News / Talk,HBO OP,Platinum,Unscripted,0,0,0.0,0,0,0,1,0,0,0,1,-4.189552582032536,0.05480485138389142
46,DUNK & EGG S1,1.0,2025-04-01,6.0,Scripted Series - Live Action Drama,HBO OP,Gold,Drama,0,0,1.0,0,1,0,1,1,0,1,1,-5.10181425370021,0.029120637442635548
47,2024 TBD FILM,,2026-05-01,2.0,Scripted - Movie - Drama / Romance,HBO OP,Silver,Drama,0,0,2.0,1,0,0,1,0,0,1,1,-5.966561828648299,0.01599137908459143
48,THE SYMPATHIZER,1.0,2024-01-01,7.0,Scripted Limited Series - Live Action Drama,HBO OP,Platinum,Drama,0,0,0.0,0,1,0,1,1,0,1,1,-4.3739183601734455,0.048230234665934214
49,A BLACK LADY SKETCH SHOW S5 / TBD,5.0,2024-03-01,3.0,Scripted Series - Live Action Comedy,HBO OP,Gold,Comedy,0,0,1.0,0,1,0,1,1,1,0,1,-5.180957639055717,0.027566164558427128
50,THE RIGHTEOUS GEMSTONES S4 / TBD,4.0,2024-10-01,4.5,Scripted Series - Live Action Comedy,HBO OP,Platinum,Comedy,0,0,0.0,0,1,0,1,1,1,0,1,-4.453061745528952,0.04565568278207208
51,HOUSE OF THE DRAGON S2,2.0,2024-06-01,8.0,Scripted Series - Live Action Drama,HBO OP,Platinum,Drama,0,1,0.0,0,1,0,1,1,0,1,1,-2.966080402505706,0.1279737302802674
52,HARD KNOCKS S19,19.0,2024-08-01,5.0,Sports - Special / Limited Series / Doc,HBO OP,Gold,Unscripted,0,0,1.0,0,1,0,1,0,0,0,1,-5.223365167547522,0.026767659936591654
53,CELTICS PROJECT,1.0,2024-09-01,9.0,Docuseries,HBO OP,Platinum,Unscripted,0,0,0.0,0,0,0,1,0,0,0,1,-4.189552582032536,0.05480485138389142
54,THE REHEARSAL S3 / TBD,3.0,2025-10-01,3.0,Scripted Series - Live Action Comedy,HBO OP,Gold,Comedy,0,0,1.0,0,1,0,1,1,1,0,1,-5.180957639055717,0.027566164558427128
55,2025 TBD DOCUSERIES C,1.0,2026-04-01,6.0,Docuseries,HBO OP,Platinum,Unscripted,0,0,0.0,0,0,0,1,0,0,0,1,-4.189552582032536,0.05480485138389142
56,REAL TIME WITH BILL MAHER S23,23.0,2025-01-01,35.0,News / Talk,HBO OP,Gold,Unscripted,0,0,1.0,0,0,0,1,0,0,0,1,-4.9174484755593015,0.03309028492816085
57,THE LAST OF US S2,2.0,2025-03-01,7.0,Scripted Series - Live Action Drama,HBO OP,Platinum,Drama,0,1,0.0,0,1,0,1,1,0,1,1,-2.966080402505706,0.1279737302802674
58,LAST WEEK TONIGHT WITH JOHN OLIVER S12,12.0,2025-02-01,15.0,News / Talk,HBO OP,Platinum,Unscripted,0,0,0.0,0,0,0,1,0,0,0,1,-4.189552582032536,0.05480485138389142
59,DUNK & EGG S2 / TBD,2.0,2026-11-01,6.0,Scripted Series - Live Action Drama,HBO OP,Platinum,Drama,0,0,0.0,0,1,0,1,1,0,1,1,-4.3739183601734455,0.048230234665934214
60,2025 TBD FILM,,2026-05-01,2.0,Scripted - Movie - Drama / Romance,HBO OP,Silver,Drama,0,0,2.0,1,0,0,1,0,0,1,1,-5.966561828648299,0.01599137908459143
61,GAME THEORY S4,4.0,2025-03-01,3.0,Sports - Talk,HBO OP,Gold,Unscripted,0,0,1.0,0,0,0,1,0,0,0,1,-4.9174484755593015,0.03309028492816085
62,2025 TBD DOCUSERIES B,1.0,2026-06-01,3.0,Docuseries,HBO OP,Platinum,Unscripted,0,0,0.0,0,0,0,1,0,0,0,1,-4.189552582032536,0.05480485138389142
63,THE RIGHTEOUS GEMSTONES S5 / TBD,5.0,2025-10-01,4.5,Scripted Series - Live Action Comedy,HBO OP,Platinum,Comedy,0,0,0.0,0,1,0,1,1,1,0,1,-4.453061745528952,0.04565568278207208
64,2025 TBD SPECIALS,,2025-05-01,25.0,Special / Stand-Up,HBO OP,Gold,Unscripted,0,0,1.0,0,0,0,1,0,0,0,1,-4.9174484755593015,0.03309028492816085
65,EUPHORIA S4 / TBD,4.0,2026-10-01,8.0,Scripted Series - Live Action Drama,HBO OP,Platinum,Drama,0,1,0.0,0,1,0,1,1,0,1,1,-2.966080402505706,0.1279737302802674
66,HARD KNOCKS S20,20.0,2025-08-01,5.0,Sports - Special / Limited Series / Doc,HBO OP,Gold,Unscripted,0,0,1.0,0,1,0,1,0,0,0,1,-5.223365167547522,0.026767659936591654
67,2025 TBD HOUR S1,1.0,2025-06-01,10.0,Scripted Series - Live Action Drama,HBO OP,Platinum,Drama,0,0,0.0,0,1,0,1,1,0,1,1,-4.3739183601734455,0.048230234665934214
68,2025 TBD DOCUSERIES A,1.0,2026-01-01,4.5,Docuseries,HBO OP,Platinum,Unscripted,0,0,0.0,0,0,0,1,0,0,0,1,-4.189552582032536,0.05480485138389142
69,2025 TBD DOCUSERIES D,1.0,2026-07-01,3.0,Docuseries,HBO OP,Platinum,Unscripted,0,0,0.0,0,0,0,1,0,0,0,1,-4.189552582032536,0.05480485138389142
70,THE REHEARSAL S4 / TBD,4.0,2026-10-01,3.0,Scripted Series - Live Action Comedy,HBO OP,Gold,Comedy,0,0,1.0,0,1,0,1,1,1,0,1,-5.180957639055717,0.027566164558427128
71,HOUSE OF THE DRAGON S3,3.0,2026-05-01,10.0,Scripted Series - Live Action Drama,HBO OP,Platinum,Drama,0,1,0.0,0,1,0,1,1,0,1,1,-2.966080402505706,0.1279737302802674
72,"LOVE TO LOVE YOU, DONNA SUMMER",,2023-05-01,2.0,Documentary,HBO OP,Gold,Unscripted,0,0,1.0,0,0,0,1,0,0,0,1,-4.9174484755593015,0.03309028492816085
73,SAVIOR COMPLEX,1.0,2023-07-01,3.0,Docuseries,HBO OP,Platinum,Unscripted,0,0,0.0,0,0,0,1,0,0,0,1,-4.189552582032536,0.05480485138389142
74,LION QUEEN,,2025-02-01,1.5,Documentary,HBO OP,Gold,Unscripted,0,0,1.0,0,0,0,1,0,0,0,1,-4.9174484755593015,0.03309028492816085
75,ESPIONAGE,,2024-02-01,1.5,Documentary,HBO OP,Gold,Unscripted,0,0,1.0,0,0,0,1,0,0,0,1,-4.9174484755593015,0.03309028492816085
76,WELCOME TO TOPEKA,,2024-09-01,1.5,Documentary,HBO OP,Gold,Unscripted,0,0,1.0,0,0,0,1,0,0,0,1,-4.9174484755593015,0.03309028492816085
77,EYES ON THE PRIZE,1.0,2024-02-01,6.0,Docuseries,HBO OP,Platinum,Unscripted,0,0,0.0,0,0,0,1,0,0,0,1,-4.189552582032536,0.05480485138389142
78,GOD SAVE TEXAS: PRISONS,1.0,2024-03-01,4.5,Docuseries,HBO OP,Platinum,Unscripted,0,0,0.0,0,0,0,1,0,0,0,1,-4.189552582032536,0.05480485138389142
79,STAX,1.0,2023-10-01,4.0,Docuseries,HBO OP,Platinum,Unscripted,0,0,0.0,0,0,0,1,0,0,0,1,-4.189552582032536,0.05480485138389142
80,AREA WEATHERMAN CHARGED WITH MURDER,1.0,2025-09-01,7.0,Scripted Limited Series - Live Action Drama,HBO OP,Gold,Drama,0,0,1.0,0,1,0,1,1,0,1,1,-5.10181425370021,0.029120637442635548
81,THE IDOL S2,2.0,2025-08-01,6.0,Scripted Series - Live Action Drama,HBO OP,Silver,Drama,0,0,2.0,0,1,0,1,1,0,1,1,-5.275512853724931,0.025817393163572882
82,GAME THEORY S3,3.0,2024-03-01,5.0,Sports - Talk,HBO OP,Gold,Unscripted,0,0,1.0,0,0,0,1,0,0,0,1,-4.9174484755593015,0.03309028492816085
83,REAL SPORTS S31,31.0,2025-01-01,12.0,Sports - Talk,HBO OP,Gold,Unscripted,0,0,1.0,0,0,0,1,0,0,0,1,-4.9174484755593015,0.03309028492816085
84,2025 TBD HALF HOUR A S1,1.0,2025-04-01,4.0,Scripted Series - Live Action Comedy,HBO OP,Platinum,Comedy,0,0,0.0,0,1,0,1,1,1,0,1,-4.453061745528952,0.04565568278207208
85,2025 TBD HALF HOUR B S1,1.0,2025-03-01,3.0,Scripted Series - Live Action Comedy,HBO OP,Platinum,Comedy,0,0,0.0,0,1,0,1,1,1,0,1,-4.453061745528952,0.04565568278207208
86,THE FRANCHISE S1,1.0,2024-04-01,4.0,Scripted Series - Live Action Comedy,HBO OP,Platinum,Comedy,0,0,0.0,0,1,0,1,1,1,0,1,-4.453061745528952,0.04565568278207208
87,THE FRANCHISE S2 / TBD,2.0,2025-04-01,4.0,Scripted Series - Live Action Comedy,HBO OP,Platinum,Comedy,0,0,0.0,0,1,0,1,1,1,0,1,-4.453061745528952,0.04565568278207208
88,JERROD CARMICHAEL SPECIAL,,2023-05-01,1.0,Special / Stand-Up,HBO OP,Platinum,Unscripted,0,0,0.0,0,0,0,1,0,0,0,1,-4.189552582032536,0.05480485138389142
89,PAINTING WITH JOHN S3,3.0,2023-06-01,3.0,Unscripted Series - Docufollow / Reality,HBO OP,Gold,Unscripted,0,0,1.0,0,1,0,1,0,0,0,1,-5.223365167547522,0.026767659936591654
90,SOMEBODY SOMEWHERE S3 / TBD,3.0,2024-04-01,3.5,Scripted Series - Live Action Comedy,HBO OP,Gold,Comedy,0,0,1.0,0,1,0,1,1,1,0,1,-5.180957639055717,0.027566164558427128
91,THE WHITE LOTUS S3,3.0,2024-08-01,7.0,Scripted Series - Live Action Drama,HBO OP,Silver,Drama,0,0,2.0,0,1,0,1,1,0,1,1,-5.275512853724931,0.025817393163572882
92,2025 TBD DOCUSERIES F,1.0,2026-09-01,4.0,Docuseries,HBO OP,Platinum,Unscripted,0,0,0.0,0,0,0,1,0,0,0,1,-4.189552582032536,0.05480485138389142
93,2025 TBD DOCUSERIES E,1.0,2026-02-01,12.0,Docuseries,HBO OP,Platinum,Unscripted,0,0,0.0,0,0,0,1,0,0,0,1,-4.189552582032536,0.05480485138389142
94,BEHIND THE COIN,,2024-02-01,1.5,Documentary,HBO OP,Gold,Unscripted,0,0,1.0,0,0,0,1,0,0,0,1,-4.9174484755593015,0.03309028492816085
95,PEE-WEE: I KNOW YOU ARE BUT WHAT AM I?,,2026-02-01,3.0,Documentary,HBO OP,Platinum,Unscripted,0,0,0.0,0,0,0,1,0,0,0,1,-4.189552582032536,0.05480485138389142
96,LOVE HAS WON,1.0,2023-09-01,3.0,Docuseries,HBO OP,Platinum,Unscripted,0,0,0.0,0,0,0,1,0,0,0,1,-4.189552582032536,0.05480485138389142
97,THE FIX,1.0,2024-10-01,2.0,Docuseries,HBO OP,Platinum,Unscripted,0,0,0.0,0,0,0,1,0,0,0,1,-4.189552582032536,0.05480485138389142
98,MONSTERS OF GOD,1.0,2024-03-01,6.0,Docuseries,HBO OP,Platinum,Unscripted,0,0,0.0,0,0,0,1,0,0,0,1,-4.189552582032536,0.05480485138389142
99,DAVID HOLMES PROJECT,,2023-11-01,1.5,Documentary,HBO OP,Gold,Unscripted,0,0,1.0,0,0,0,1,0,0,0,1,-4.9174484755593015,0.03309028492816085
100,THE WEEKND: LIVE AT SOFI STADIUM,,2023-02-01,1.5,Special / Stand-Up,HBO OP,Gold,Unscripted,0,0,1.0,0,0,0,1,0,0,0,1,-4.9174484755593015,0.03309028492816085
101,HARD KNOCKS IN SEASON S3,3.0,2023-11-01,9.0,Sports - Special / Limited Series / Doc,HBO OP,Gold,Unscripted,0,0,1.0,0,1,0,1,0,0,0,1,-5.223365167547522,0.026767659936591654
102,JERROD S3 / TBD,3.0,2026-09-01,4.0,Scripted Series - Live Action Comedy,HBO OP,Platinum,Comedy,0,0,0.0,0,1,0,1,1,1,0,1,-4.453061745528952,0.04565568278207208
103,THE PALLADINO FILES,1.0,2025-01-01,6.0,Docuseries,HBO OP,Gold,Unscripted,0,0,1.0,0,0,0,1,0,0,0,1,-4.9174484755593015,0.03309028492816085
104,UNT. CONSUMERISM PROJECT,,2025-12-01,1.5,Documentary,HBO OP,Gold,Unscripted,0,0,1.0,0,0,0,1,0,0,0,1,-4.9174484755593015,0.03309028492816085
105,ELIZABETH TAYLOR PROJECT,,2025-05-01,1.5,Documentary,HBO OP,Gold,Unscripted,0,0,1.0,0,0,0,1,0,0,0,1,-4.9174484755593015,0.03309028492816085
106,RENAISSANCE FAIR,1.0,2024-10-01,3.0,Docuseries,HBO OP,Platinum,Unscripted,0,0,0.0,0,0,0,1,0,0,0,1,-4.189552582032536,0.05480485138389142
107,SIREN,,2025-03-01,1.5,Documentary,HBO OP,Gold,Unscripted,0,0,1.0,0,0,0,1,0,0,0,1,-4.9174484755593015,0.03309028492816085
108,NAVAJO POLICE: CLASS 57,1.0,2023-11-01,3.0,Docuseries,HBO OP,Platinum,Unscripted,0,0,0.0,0,0,0,1,0,0,0,1,-4.189552582032536,0.05480485138389142
109,THE MORTICIANS,,2025-03-01,1.5,Documentary,HBO OP,Gold,Unscripted,0,0,1.0,0,0,0,1,0,0,0,1,-4.9174484755593015,0.03309028492816085
110,BILLY JOEL,,2024-05-01,3.0,Documentary,HBO OP,Gold,Unscripted,0,0,1.0,0,0,0,1,0,0,0,1,-4.9174484755593015,0.03309028492816085
111,THE WHITE LOTUS S4 / TBD,4.0,2025-11-01,6.0,Scripted Limited Series - Live Action Drama,HBO OP,Silver,Drama,0,0,2.0,0,1,0,1,1,0,1,1,-5.275512853724931,0.025817393163572882
112,MUSIC BOX: JASON ISBELL: RUNNING WITH OUR EYES CLOSED,,2023-04-01,1.5,Documentary,HBO OP,Gold,Unscripted,0,0,1.0,0,0,0,1,0,0,0,1,-4.9174484755593015,0.03309028492816085
113,TASK FORCE,1.0,2024-11-01,7.0,Scripted Limited Series - Live Action Drama,HBO OP,Gold,Drama,0,0,1.0,0,1,0,1,1,0,1,1,-5.10181425370021,0.029120637442635548
114,SOPRANOS DOC,,2025-10-01,1.5,Documentary,HBO OP,Gold,Unscripted,0,0,1.0,0,0,0,1,0,0,0,1,-4.9174484755593015,0.03309028492816085
115,TBD NEWS/TALK SERIES S1,1.0,2024-07-01,4.0,News / Talk,HBO OP,Gold,Unscripted,0,0,1.0,0,0,0,1,0,0,0,1,-4.9174484755593015,0.03309028492816085
116,TBD NEWS/TALK SERIES S2,2.0,2025-07-01,4.0,News / Talk,HBO OP,Gold,Unscripted,0,0,1.0,0,0,0,1,0,0,0,1,-4.9174484755593015,0.03309028492816085
117,TBD NEWS/TALK SERIES S3,3.0,2026-07-01,4.0,News / Talk,HBO OP,Gold,Unscripted,0,0,1.0,0,0,0,1,0,0,0,1,-4.9174484755593015,0.03309028492816085
118,100 FOOT WAVE S3,3.0,2025-04-01,6.0,Docuseries,HBO OP,Platinum,Unscripted,0,0,0.0,0,0,0,1,0,0,0,1,-4.189552582032536,0.05480485138389142
119,HARD KNOCKS IN SEASON S4,4.0,2024-11-01,9.0,Sports - Special / Limited Series / Doc,HBO OP,Gold,Unscripted,0,0,1.0,0,1,0,1,0,0,0,1,-5.223365167547522,0.026767659936591654
120,ALBERT BROOKS: DEFENDING HIS LIFE,,2024-05-01,1.5,Documentary,HBO OP,Gold,Unscripted,0,0,1.0,0,0,0,1,0,0,0,1,-4.9174484755593015,0.03309028492816085
121,MACKENZIE FIERCETON PROJECT,,2025-11-01,1.5,Documentary,HBO OP,Gold,Unscripted,0,0,1.0,0,0,0,1,0,0,0,1,-4.9174484755593015,0.03309028492816085
122,HARD KNOCKS IN SEASON S5,5.0,2025-11-01,9.0,Sports - Special / Limited Series / Doc,HBO OP,Gold,Unscripted,0,0,1.0,0,1,0,1,0,0,0,1,-5.223365167547522,0.026767659936591654
123,WE'RE HERE S4,4.0,2024-04-01,6.0,Unscripted Series - Docufollow / Reality,HBO OP,Platinum,Unscripted,0,0,0.0,0,1,0,1,0,0,0,1,-4.495469274020756,0.04433318201714818
124,WHEN A WITNESS RECANTS,,2025-12-01,1.5,Documentary,HBO OP,Gold,Unscripted,0,0,1.0,0,0,0,1,0,0,0,1,-4.9174484755593015,0.03309028492816085
125, MARISKA HARGITAY / JAYNE MANSFIELD PROJECT,,2025-11-01,1.5,Documentary,HBO OP,Gold,Unscripted,0,0,1.0,0,0,0,1,0,0,0,1,-4.9174484755593015,0.03309028492816085
126,2026 TBD SPECIALS,,2026-05-01,25.0,Special / Stand-Up,HBO OP,Gold,Unscripted,0,0,1.0,0,0,0,1,0,0,0,1,-4.9174484755593015,0.03309028492816085
127,REAL TIME WITH BILL MAHER S24,24.0,2026-01-01,35.0,News / Talk,HBO OP,Gold,Unscripted,0,0,1.0,0,0,0,1,0,0,0,1,-4.9174484755593015,0.03309028492816085
128,LAST WEEK TONIGHT WITH JOHN OLIVER S13,13.0,2026-02-01,15.0,News / Talk,HBO OP,Platinum,Unscripted,0,0,0.0,0,0,0,1,0,0,0,1,-4.189552582032536,0.05480485138389142
129,JERROD S1,1.0,2024-09-01,4.0,Scripted Series - Live Action Comedy,HBO OP,Bronze,Comedy,0,0,3.0,0,1,0,1,1,1,0,1,-6.434557154357041,0.011561263184473165
130,2026 TBD LIMITED SERIES A,1.0,2026-01-01,8.0,Scripted Limited Series - Live Action Drama,HBO OP,Platinum,Drama,0,0,0.0,0,1,0,1,1,0,1,1,-4.3739183601734455,0.048230234665934214
131,THE DARK WIZARD,,2025-08-01,1.5,Documentary,HBO OP,Gold,Unscripted,0,0,1.0,0,0,0,1,0,0,0,1,-4.9174484755593015,0.03309028492816085
132,JERROD S2 / TBD,2.0,2025-09-01,4.0,Scripted Series - Live Action Comedy,HBO OP,Platinum,Comedy,0,0,0.0,0,1,0,1,1,1,0,1,-4.453061745528952,0.04565568278207208
133,2026 TBD LIMITED SERIES B,1.0,2026-04-01,6.0,Scripted Limited Series - Live Action Drama,HBO OP,Gold,Drama,0,0,1.0,0,1,0,1,1,0,1,1,-5.10181425370021,0.029120637442635548
134,2026 TBD FILM,,2026-05-01,2.0,Scripted - Movie - Drama / Romance,HBO OP,Silver,Drama,0,0,2.0,1,0,0,1,0,0,1,1,-5.966561828648299,0.01599137908459143
135,THE RIGHTEOUS GEMSTONES S6 / TBD,6.0,2026-10-01,4.5,Scripted Series - Live Action Comedy,HBO OP,Platinum,Comedy,0,0,0.0,0,1,0,1,1,1,0,1,-4.453061745528952,0.04565568278207208
136,THE FRANCHISE S3 / TBD,3.0,2026-04-01,4.0,Scripted Series - Live Action Comedy,HBO OP,Platinum,Comedy,0,0,0.0,0,1,0,1,1,1,0,1,-4.453061745528952,0.04565568278207208
137,2025 TBD HALF HOUR A S2,2.0,2026-04-01,4.0,Scripted Series - Live Action Comedy,HBO OP,Platinum,Comedy,0,0,0.0,0,1,0,1,1,1,0,1,-4.453061745528952,0.04565568278207208
138,2025 TBD HALF HOUR B S2,2.0,2026-03-01,3.0,Scripted Series - Live Action Comedy,HBO OP,Platinum,Comedy,0,0,0.0,0,1,0,1,1,1,0,1,-4.453061745528952,0.04565568278207208
139,2026 TBD HOUR A S1,1.0,2026-03-01,8.0,Scripted Series - Live Action Drama,HBO OP,Platinum,Drama,0,0,0.0,0,1,0,1,1,0,1,1,-4.3739183601734455,0.048230234665934214
140,2026 TBD HOUR B S1,1.0,2026-08-01,8.0,Scripted Series - Live Action Drama,HBO OP,Gold,Drama,0,0,1.0,0,1,0,1,1,0,1,1,-5.10181425370021,0.029120637442635548
141,HARD KNOCKS IN SEASON S6,,2026-11-01,9.0,Documentary,HBO OP,Gold,Unscripted,0,0,1.0,0,0,0,1,0,0,0,1,-4.9174484755593015,0.03309028492816085
142,DOCU TBD 3,,2024-09-01,1.5,Documentary,HBO OP,Gold,Unscripted,0,0,1.0,0,0,0,1,0,0,0,1,-4.9174484755593015,0.03309028492816085
143,DOCU TBD 4,,2024-11-01,1.5,Documentary,HBO OP,Gold,Unscripted,0,0,1.0,0,0,0,1,0,0,0,1,-4.9174484755593015,0.03309028492816085
144,GAME THEORY S5,5.0,2026-03-01,3.0,Sports - Talk,HBO OP,Gold,Unscripted,0,0,1.0,0,0,0,1,0,0,0,1,-4.9174484755593015,0.03309028492816085
145,2026 TBD DOCUMENTARIES,,2026-05-01,37.0,Documentary,HBO OP,Gold,Unscripted,0,0,1.0,0,0,0,1,0,0,0,1,-4.9174484755593015,0.03309028492816085
146,HARD KNOCKS S21,21.0,2026-09-01,5.0,Sports - Special / Limited Series / Doc,HBO OP,Gold,Unscripted,0,0,1.0,0,1,0,1,0,0,0,1,-5.223365167547522,0.026767659936591654
147,REAL SPORTS S32,32.0,2026-01-01,12.0,Sports - Talk,HBO OP,Gold,Unscripted,0,0,1.0,0,0,0,1,0,0,0,1,-4.9174484755593015,0.03309028492816085
148,BEA'S BLOCK S1A,1.0,2024-02-01,3.0,Kids - Animated Series,Max OP,Silver,Kids,0,0,2.0,0,1,0,1,0,0,0,1,-5.3970637675722415,0.023731321198347383
149,GREMLINS: SECRETS OF THE MOGWAI S1,1.0,2023-05-01,5.0,Kids - Animated Series,Max OP,Platinum,Kids,0,0,0.0,0,1,0,1,0,0,0,1,-4.495469274020756,0.04433318201714818
150,SUPERPOWERED: THE DC STORY,1.0,2023-07-01,3.0,Docuseries,Max OP,Platinum,Unscripted,0,0,0.0,0,0,0,1,0,0,0,1,-4.189552582032536,0.05480485138389142
151,LOONEY TUNES SEASON -1_J,1.0,2023-07-01,2.0,Kids - Animated Series,Max OP,Silver,Kids,0,0,2.0,0,1,0,1,0,0,0,1,-5.3970637675722415,0.023731321198347383
152,BEA'S BLOCK S1B,1.0,2024-02-01,2.75,Kids - Animated Series,Max OP,Silver,Kids,0,0,2.0,0,1,0,1,0,0,0,1,-5.3970637675722415,0.023731321198347383
153,THE CLIMB S1,1.0,2023-01-01,8.0,Unscripted Series - Docufollow / Reality,Max OP,Platinum,Unscripted,0,0,0.0,0,1,0,1,0,0,0,1,-4.495469274020756,0.04433318201714818
154,BAMA RUSH,,2023-05-01,1.5,Documentary,Max OP,Gold,Unscripted,0,0,1.0,0,0,0,1,0,0,0,1,-4.9174484755593015,0.03309028492816085
155,LOVE & DEATH (LS),1.0,2023-04-01,7.0,Scripted Limited Series - Live Action Drama,Max OP,Platinum,Drama,0,0,0.0,0,1,0,1,1,0,1,1,-4.3739183601734455,0.048230234665934214
156,THE PARENTING,,2024-07-01,2.0,Scripted - Movie - Comedy / Rom Com / Holiday,Max OP,Gold,Comedy,0,0,1.0,1,0,0,1,0,1,0,1,-5.872006613979085,0.0170745738955556
157,CLONE HIGH S1,1.0,2023-05-01,5.0,Scripted Series - Animated Comedy,Max OP,Silver,Comedy,0,0,2.0,0,1,0,1,0,1,0,1,-5.587344546037196,0.020798963631961234
158,SWIPING ACROSS AMERICA S1,1.0,2023-06-01,8.0,Unscripted Series - Docufollow / Reality,Max OP,Platinum,Unscripted,0,0,0.0,0,1,0,1,0,0,0,1,-4.495469274020756,0.04433318201714818
159,TRACY MORGAN SPECIAL,,2023-08-01,1.0,Special / Stand-Up,Max OP,Gold,Unscripted,0,0,1.0,0,0,0,1,0,0,0,1,-4.9174484755593015,0.03309028492816085
160,TURTLES ALL THE WAY DOWN,,2024-02-01,2.0,Scripted - Movie - Drama / Romance,Max OP,Silver,Drama,0,0,2.0,1,0,0,1,0,0,1,1,-5.966561828648299,0.01599137908459143
161,VELMA S1,1.0,2023-01-01,5.0,Scripted Series - Animated Comedy,Max OP,Silver,Comedy,0,0,2.0,0,1,0,1,0,1,0,1,-5.587344546037196,0.020798963631961234
162,AN UPDATE ON OUR FAMILY,1.0,2024-01-01,3.0,Docuseries,Max OP,Platinum,Unscripted,0,0,0.0,0,0,0,1,0,0,0,1,-4.189552582032536,0.05480485138389142
163,FIRED ON MARS S1,1.0,2023-04-01,4.0,Scripted Series - Animated Comedy,Max OP,Silver,Comedy,0,0,2.0,0,1,0,1,0,1,0,1,-5.587344546037196,0.020798963631961234
164,PROJECT GREENLIGHT S1,1.0,2023-07-01,10.0,Unscripted Series - Format / Competition,Max OP,Platinum,Unscripted,0,0,0.0,0,1,0,1,0,0,0,1,-4.495469274020756,0.04433318201714818
165,STARSTRUCK S3,3.0,2023-09-01,3.0,Scripted Series - Live Action Comedy,Max OP,Bronze,Comedy,0,0,3.0,0,1,0,1,1,1,0,1,-6.434557154357041,0.011561263184473165
166,JULIA S2,2.0,2023-10-01,8.0,Scripted Series - Live Action Drama,Max OP,Silver,Drama,0,0,2.0,0,1,0,1,1,0,1,1,-5.275512853724931,0.025817393163572882
167,WARNER BROS 100 YEARS DOCUSERIES,1.0,2023-05-01,4.0,Docuseries,Max OP,Platinum,Unscripted,0,0,0.0,0,0,0,1,0,0,0,1,-4.189552582032536,0.05480485138389142
168,SWEETHEARTS,,2025-02-01,2.0,Scripted - Movie - Comedy / Rom Com / Holiday,Max OP,Silver,Comedy,0,0,2.0,1,0,0,1,0,1,0,1,-6.045705214003807,0.015137751988788218
169,THE OTHER TWO S3,3.0,2023-05-01,5.0,Scripted Series - Live Action Comedy,Max OP,Platinum,Comedy,0,0,0.0,0,1,0,1,1,1,0,1,-4.453061745528952,0.04565568278207208
170,HACKS S3,3.0,2023-11-01,4.5,Scripted Series - Live Action Comedy,Max OP,Platinum,Comedy,0,0,0.0,0,1,0,1,1,1,0,1,-4.453061745528952,0.04565568278207208
171,YOUNG LOVE S1,1.0,2023-09-01,6.0,Scripted Series - Animated Comedy,Max OP,Silver,Comedy,0,0,2.0,0,1,0,1,0,1,0,1,-5.587344546037196,0.020798963631961234
172,AND JUST LIKE THAT S2,2.0,2023-06-01,5.5,Scripted Series - Live Action Comedy,Max OP,Platinum,Comedy,0,0,0.0,0,1,0,1,1,1,0,1,-4.453061745528952,0.04565568278207208
173,OUR FLAG MEANS DEATH S2,2.0,2023-10-01,4.0,Scripted Series - Live Action Comedy,Max OP,Platinum,Comedy,0,0,0.0,0,1,0,1,1,1,0,1,-4.453061745528952,0.04565568278207208
174,FULL CIRCLE (LS),1.0,2023-07-01,6.0,Scripted Limited Series - Live Action Drama,Max OP,Gold,Drama,0,0,1.0,0,1,0,1,1,0,1,1,-5.10181425370021,0.029120637442635548
175,HARLEY QUINN S4,4.0,2023-07-01,5.0,Scripted Series - Animated Comedy,Max OP,Silver,Comedy,0,0,2.0,0,1,0,1,0,1,0,1,-5.587344546037196,0.020798963631961234
176,RAP SHIT S2,2.0,2023-08-01,4.0,Scripted Series - Live Action Comedy,Max OP,Platinum,Comedy,0,0,0.0,0,1,0,1,1,1,0,1,-4.453061745528952,0.04565568278207208
177,TRAVELERS OF MURPHY VILLAGE,1.0,2025-01-01,3.0,Docuseries,Max OP,Platinum,Unscripted,0,0,0.0,0,0,0,1,0,0,0,1,-4.189552582032536,0.05480485138389142
178,BREATH OF FIRE,1.0,2025-03-01,3.0,Docuseries,Max OP,Platinum,Unscripted,0,0,0.0,0,0,0,1,0,0,0,1,-4.189552582032536,0.05480485138389142
179,FIXED,,2024-08-01,2.0,Scripted - Movie - Comedy / Rom Com / Holiday,Max OP,Gold,Comedy,0,0,1.0,1,0,0,1,0,1,0,1,-5.872006613979085,0.0170745738955556
180,GREMLINS: SECRETS OF THE MOGWAI S2,2.0,2024-10-01,5.0,Kids - Animated Series,Max OP,Platinum,Kids,0,0,0.0,0,1,0,1,0,0,0,1,-4.495469274020756,0.04433318201714818
181,TOM & JERRY TIME - S1A,1.0,2024-09-01,1.6666666669999999,Kids - Animated Series,Max OP,Gold,Kids,0,0,1.0,0,1,0,1,0,0,0,1,-5.223365167547522,0.026767659936591654
182,TOKYO VICE S2,2.0,2024-02-01,10.0,Scripted Series - Live Action Drama,Max OP,Silver,Drama,0,0,2.0,0,1,0,1,1,0,1,1,-5.275512853724931,0.025817393163572882
183,PRETTY LITTLE LIARS: SUMMER SCHOOL (S2),2.0,2023-12-01,8.0,Scripted Series - Live Action Drama,Max OP,Silver,Drama,0,0,2.0,0,1,0,1,1,0,1,1,-5.275512853724931,0.025817393163572882
184,"CRAIG OF THE CREEK: THE WATERS OF
FATE",1.0,2024-01-01,2.0,Kids - Animated Series,Max OP,Silver,Kids,0,0,2.0,0,1,0,1,0,0,0,1,-5.3970637675722415,0.023731321198347383
185,SESAME S-54 (35),54.0,2023-11-01,17.5,Kids - Scripted Series,Max OP,Silver,Kids,0,0,2.0,0,1,0,1,0,0,0,1,-5.3970637675722415,0.023731321198347383
186,SEX LIVES OF COLLEGE GIRLS S3,3.0,2024-05-01,5.0,Scripted Series - Live Action Comedy,Max OP,Platinum,Comedy,0,0,0.0,0,1,0,1,1,1,0,1,-4.453061745528952,0.04565568278207208
187,THE BACK NINE,,2025-06-01,2.0,Scripted - Movie - Comedy / Rom Com / Holiday,Max OP,Gold,Comedy,0,0,1.0,1,0,0,1,0,1,0,1,-5.872006613979085,0.0170745738955556
188,BRANDY HELLVILLE,,2025-01-01,1.5,Documentary,Max OP,Gold,Unscripted,0,0,1.0,0,0,0,1,0,0,0,1,-4.9174484755593015,0.03309028492816085
189,CLONE HIGH S2,2.0,2024-05-01,5.0,Scripted Series - Animated Comedy,Max OP,Silver,Comedy,0,0,2.0,0,1,0,1,0,1,0,1,-5.587344546037196,0.020798963631961234
190,THE PENGUIN (LS),1.0,2024-03-01,8.0,Scripted Limited Series - Live Action Drama,Max OP,Platinum,Drama,0,0,0.0,0,1,0,1,1,0,1,1,-4.3739183601734455,0.048230234665934214
191,SESAME S-55 (35),55.0,2024-11-01,17.5,Kids - Scripted Series,Max OP,Silver,Kids,0,0,2.0,0,1,0,1,0,0,0,1,-5.3970637675722415,0.023731321198347383
192,MORE S1 / TBD,1.0,2024-12-01,8.0,Scripted Limited Series - Live Action Drama,Max OP,Silver,Drama,0,0,2.0,0,1,0,1,1,0,1,1,-5.275512853724931,0.025817393163572882
193,VELMA S2A,2.0,2024-01-01,5.0,Scripted Series - Animated Comedy,Max OP,Silver,Comedy,0,0,2.0,0,1,0,1,0,1,0,1,-5.587344546037196,0.020798963631961234
194,SALEM'S LOT,,2024-10-01,2.0,Scripted - Movie - Drama / Romance,Max OP,Platinum,Drama,0,0,0.0,1,0,0,1,0,0,1,1,-5.0649673350968145,0.029873967561139327
195,HACKS S4 / TBD,4.0,2024-11-01,4.0,Scripted Series - Live Action Comedy,Max OP,Platinum,Comedy,0,0,0.0,0,1,0,1,1,1,0,1,-4.453061745528952,0.04565568278207208
196,TOM & JERRY TIME - S1B,1.0,2024-09-01,1.6666666669999999,Kids - Animated Series,Max OP,Silver,Kids,0,0,2.0,0,1,0,1,0,0,0,1,-5.3970637675722415,0.023731321198347383
197,LANTERNS S1,1.0,2025-07-01,8.0,Scripted Series - Live Action Drama,Max OP,Platinum,Drama,0,0,0.0,0,1,0,1,1,0,1,1,-4.3739183601734455,0.048230234665934214
198,OUR FLAG MEANS DEATH S3 / TBD MULTICAM,3.0,2024-09-01,4.0,Scripted Series - Live Action Comedy,Max OP,Platinum,Comedy,0,0,0.0,0,1,0,1,1,1,0,1,-4.453061745528952,0.04565568278207208
199,HARLEY QUINN S5,5.0,2024-11-01,5.0,Scripted Series - Animated Comedy,Max OP,Silver,Comedy,0,0,2.0,0,1,0,1,0,1,0,1,-5.587344546037196,0.020798963631961234
200,RAP SH!T S3 / TBD MULTICAM,3.0,2024-08-01,4.0,Scripted Series - Live Action Comedy,Max OP,Platinum,Comedy,0,0,0.0,0,1,0,1,1,1,0,1,-4.453061745528952,0.04565568278207208
201,WALLER (LS),1.0,2025-03-01,8.0,Scripted Series - Live Action Drama,Max OP,Platinum,Drama,0,0,0.0,0,1,0,1,1,0,1,1,-4.3739183601734455,0.048230234665934214
202,HORIZON PART 2,,2025-04-01,2.0,Scripted - Movie - Drama / Romance,Max OP,Gold,Drama,0,0,1.0,1,0,0,1,0,0,1,1,-5.792863228623579,0.018037419563613537
203,AND JUST LIKE THAT S3 / TBD,3.0,2024-12-01,5.0,Scripted Series - Live Action Comedy,Max OP,Platinum,Comedy,0,0,0.0,0,1,0,1,1,1,0,1,-4.453061745528952,0.04565568278207208
204,SEX LIVES OF COLLEGE GIRLS S4 / TBD,4.0,2025-05-01,5.0,Scripted Series - Live Action Comedy,Max OP,Platinum,Comedy,0,0,0.0,0,1,0,1,1,1,0,1,-4.453061745528952,0.04565568278207208
205,COYOTE VS. ACME,,2024-09-01,2.0,Scripted - Movie - Comedy / Rom Com / Holiday,Max OP,Platinum,Comedy,0,0,0.0,1,0,0,1,0,1,0,1,-5.144110720452321,0.02827928157224258
206,SISTERHOOD OF DUNE S1,1.0,2025-06-01,8.0,Scripted Series - Live Action Drama,Max OP,Platinum,Drama,0,0,0.0,0,1,0,1,1,0,1,1,-4.3739183601734455,0.048230234665934214
207,HORIZON PART 1,,2025-01-01,2.0,Scripted - Movie - Drama / Romance,Max OP,Gold,Drama,0,0,1.0,1,0,0,1,0,0,1,1,-5.792863228623579,0.018037419563613537
208,SESAME STREET S56 / TBD,56.0,2025-11-01,17.5,Kids - Scripted Series,Max OP,Silver,Kids,0,0,2.0,0,1,0,1,0,0,0,1,-5.3970637675722415,0.023731321198347383
209,TOM & JERRY TIME - S1C,1.0,2024-09-01,2.0,Kids - Animated Series,Max OP,Silver,Kids,0,0,2.0,0,1,0,1,0,0,0,1,-5.3970637675722415,0.023731321198347383
210,CLONE HIGH S3 / TBD,3.0,2025-05-01,5.0,Scripted Series - Animated Comedy,Max OP,Silver,Comedy,0,0,2.0,0,1,0,1,0,1,0,1,-5.587344546037196,0.020798963631961234
211,TBD DRAMA S1 '25,1.0,2025-05-01,8.0,Scripted Series - Live Action Drama,Max OP,Gold,Drama,0,0,1.0,0,1,0,1,1,0,1,1,-5.10181425370021,0.029120637442635548
212,HARRY POTTER SERIES S1 / TBD,1.0,2025-11-01,8.0,Scripted Series - Live Action Drama,Max OP,Platinum,Drama,0,0,0.0,0,1,0,1,1,0,1,1,-4.3739183601734455,0.048230234665934214
213,HARLEY QUINN S6 / TBD,6.0,2025-11-01,5.0,Scripted Series - Animated Comedy,Max OP,Silver,Comedy,0,0,2.0,0,1,0,1,0,1,0,1,-5.587344546037196,0.020798963631961234
214,IT: WELCOME TO DERRY S1,1.0,2024-09-01,9.0,Scripted Series - Live Action Drama,Max OP,Gold,Drama,0,0,1.0,0,1,0,1,1,0,1,1,-5.10181425370021,0.029120637442635548
215,SEX LIVES OF COLLEGE GIRLS S5 / TBD,5.0,2026-05-01,5.0,Scripted Series - Live Action Comedy,Max OP,Platinum,Comedy,0,0,0.0,0,1,0,1,1,1,0,1,-4.453061745528952,0.04565568278207208
216,SCOOBY DOO AND THE MYSTERY PUPS -S1A,1.0,2024-10-01,2.5,Kids - Animated Series,Max OP,Silver,Kids,0,0,2.0,0,1,0,1,0,0,0,1,-5.3970637675722415,0.023731321198347383
217,SCOOBY DOO AND THE MYSTERY PUPS -S1B,1.0,2023-09-01,2.5,Kids - Animated Series,Max OP,Silver,Kids,0,0,2.0,0,1,0,1,0,0,0,1,-5.3970637675722415,0.023731321198347383
218,TBD SESAME SPECIAL '23 #1,1.0,2024-08-01,0.5,Kids - Scripted Series,Max OP,Silver,Kids,0,0,2.0,0,1,0,1,0,0,0,1,-5.3970637675722415,0.023731321198347383
219,TBD SESAME SPECIAL '23 #2,1.0,2024-10-01,0.5,Kids - Scripted Series,Max OP,Silver,Kids,0,0,2.0,0,1,0,1,0,0,0,1,-5.3970637675722415,0.023731321198347383
220,TBD SESAME SPECIAL '23 #3,1.0,2024-12-01,0.5,Kids - Scripted Series,Max OP,Silver,Kids,0,0,2.0,0,1,0,1,0,0,0,1,-5.3970637675722415,0.023731321198347383
221,HARLEY QUINN S3B A VERY PROBLEMATIC VALENTINE'S DAY SPECIAL,1.0,2023-02-01,0.5,Scripted Series - Animated Comedy,Max OP,Gold,Comedy,0,0,1.0,0,1,0,1,0,1,0,1,-5.413645946012476,0.023460117575444812
222,CREATURE COMMANDOS S1,1.0,2024-10-01,4.0,Scripted Series - Animated Comedy,Max OP,Silver,Comedy,0,0,2.0,0,1,0,1,0,1,0,1,-5.587344546037196,0.020798963631961234
223,VELMA S2B SPECIAL,2.0,2024-01-01,0.75,Scripted Series - Animated Comedy,Max OP,Silver,Comedy,0,0,2.0,0,1,0,1,0,1,0,1,-5.587344546037196,0.020798963631961234
224,CREATURE COMMANDOS S2 / TBD,2.0,2025-10-01,4.0,Scripted Series - Animated Comedy,Max OP,Silver,Comedy,0,0,2.0,0,1,0,1,0,1,0,1,-5.587344546037196,0.020798963631961234
225,NOONAN'S S2 / TBD,2.0,2025-04-01,5.0,Scripted Series - Animated Comedy,Max OP,Silver,Comedy,0,0,2.0,0,1,0,1,0,1,0,1,-5.587344546037196,0.020798963631961234
226,DUSTER S1,1.0,2024-08-01,8.0,Scripted Series - Live Action Drama,Max OP,Silver,Drama,0,0,2.0,0,1,0,1,1,0,1,1,-5.275512853724931,0.025817393163572882
227,HOW TO BE A BOOKIE S1,1.0,2024-03-01,4.0,Scripted Series - Live Action Comedy,Max OP,Platinum,Comedy,0,0,0.0,0,1,0,1,1,1,0,1,-4.453061745528952,0.04565568278207208
228,TBD MULTICAM S2,2.0,2025-08-01,5.0,Scripted Series - Live Action Comedy,Max OP,Platinum,Comedy,0,0,0.0,0,1,0,1,1,1,0,1,-4.453061745528952,0.04565568278207208
229,TBD MULTICAM S3,3.0,2026-08-01,5.0,Scripted Series - Live Action Comedy,Max OP,Platinum,Comedy,0,0,0.0,0,1,0,1,1,1,0,1,-4.453061745528952,0.04565568278207208
230,HOW TO BE A BOOKIE S2 / TBD,2.0,2025-03-01,4.0,Scripted Series - Live Action Comedy,Max OP,Platinum,Comedy,0,0,0.0,0,1,0,1,1,1,0,1,-4.453061745528952,0.04565568278207208
231,CONAN TRAVEL SERIES,1.0,2023-10-01,4.0,Unscripted Series - Docufollow / Reality,Max OP,Platinum,Unscripted,0,0,0.0,0,1,0,1,0,0,0,1,-4.495469274020756,0.04433318201714818
232,LOONEY TUNES SEASON -1_I,1.0,2023-04-01,2.25,Kids - Animated Series,Max OP,Silver,Kids,0,0,2.0,0,1,0,1,0,0,0,1,-5.3970637675722415,0.023731321198347383
233,SORT OF S3,3.0,2024-01-01,8.0,Scripted Series - Live Action Comedy,Max OP,Bronze,Comedy,0,0,3.0,0,1,0,1,1,1,0,1,-6.434557154357041,0.011561263184473165
234,ER S1,1.0,2024-11-01,10.0,Scripted Series - Live Action Drama,Max OP,Silver,Drama,0,0,2.0,0,1,0,1,1,0,1,1,-5.275512853724931,0.025817393163572882
235,HOME SWEET ROME S1,1.0,2024-04-01,3.25,Kids - Animated Series,Max OP,Silver,Kids,0,0,2.0,0,1,0,1,0,0,0,1,-5.3970637675722415,0.023731321198347383
236,BEA'S BLOCK S1C,1.0,2024-02-01,2.0,Kids - Animated Series,Max OP,Silver,Kids,0,0,2.0,0,1,0,1,0,0,0,1,-5.3970637675722415,0.023731321198347383
237,AQUAGIRL S1 / TBD,1.0,2025-02-01,1.25,Kids - Animated Series,Max OP,Platinum,Kids,0,0,0.0,0,1,0,1,0,0,0,1,-4.495469274020756,0.04433318201714818
238,BEA'S BLOCK S1D,1.0,2025-05-01,2.5,Kids - Animated Series,Max OP,Silver,Kids,0,0,2.0,0,1,0,1,0,0,0,1,-5.3970637675722415,0.023731321198347383
239,SCOOBY DOO AND THE MYSTERY PUPS -S1C,1.0,2025-05-01,2.5,Kids - Animated Series,Max OP,Silver,Kids,0,0,2.0,0,1,0,1,0,0,0,1,-5.3970637675722415,0.023731321198347383
240,CHARLOTTE'S WEB,1.0,2025-10-01,3.0,Kids - Animated Series,Max OP,Platinum,Kids,0,0,0.0,0,1,0,1,0,0,0,1,-4.495469274020756,0.04433318201714818
241,SCOOBY DOO & THE MYSTERY PUPS S1D,1.0,2025-10-01,2.5,Kids - Animated Series,Max OP,Silver,Kids,0,0,2.0,0,1,0,1,0,0,0,1,-5.3970637675722415,0.023731321198347383
242,GREMLINS: SECRETS OF THE MOGWAI S3 / TBD SERIES,3.0,2025-11-01,5.0,Kids - Animated Series,Max OP,Platinum,Kids,0,0,0.0,0,1,0,1,0,0,0,1,-4.495469274020756,0.04433318201714818
243,MORE S2 / TBD,2.0,2026-02-01,8.0,Scripted Series - Live Action Drama,Max OP,Silver,Drama,0,0,2.0,0,1,0,1,1,0,1,1,-5.275512853724931,0.025817393163572882
244,TBD DRAMA A S1 '26,1.0,2026-06-01,8.0,Scripted Limited Series - Live Action Drama,Max OP,Silver,Drama,0,0,2.0,0,1,0,1,1,0,1,1,-5.275512853724931,0.025817393163572882
245,TBD DRAMA B S1 '26,1.0,2026-07-01,8.0,Scripted Series - Live Action Drama,Max OP,Silver,Drama,0,0,2.0,0,1,0,1,1,0,1,1,-5.275512853724931,0.025817393163572882
246,TBD DRAMA C S1 '26,1.0,2026-09-01,8.0,Scripted Series - Live Action Drama,Max OP,Gold,Drama,0,0,1.0,0,1,0,1,1,0,1,1,-5.10181425370021,0.029120637442635548
247,TBD DRAMA D S1 '26,1.0,2026-12-01,8.0,Scripted Limited Series - Live Action Drama,Max OP,Gold,Drama,0,0,1.0,0,1,0,1,1,0,1,1,-5.10181425370021,0.029120637442635548
248,HOW TO BE A BOOKIE S3 / TBD,3.0,2026-03-01,4.0,Scripted Series - Live Action Comedy,Max OP,Platinum,Comedy,0,0,0.0,0,1,0,1,1,1,0,1,-4.453061745528952,0.04565568278207208
249,NOONAN'S S3 / TBD,3.0,2026-04-01,5.0,Scripted Series - Animated Comedy,Max OP,Silver,Comedy,0,0,2.0,0,1,0,1,0,1,0,1,-5.587344546037196,0.020798963631961234
250,CLONE HIGH S4 / TBD,4.0,2026-05-01,5.0,Scripted Series - Animated Comedy,Max OP,Silver,Comedy,0,0,2.0,0,1,0,1,0,1,0,1,-5.587344546037196,0.020798963631961234
251,ADVENTURE TIME: FIONNA AND CAKE S4 / TBD,4.0,2026-08-01,5.0,Scripted Series - Animated Comedy,Max OP,Silver,Comedy,0,0,2.0,0,1,0,1,0,1,0,1,-5.587344546037196,0.020798963631961234
252,HARLEY QUINN S7 / TBD,7.0,2026-11-01,5.0,Scripted Series - Animated Comedy,Max OP,Silver,Comedy,0,0,2.0,0,1,0,1,0,1,0,1,-5.587344546037196,0.020798963631961234
253,Prisoner of the Prophet (Escaping FLDS (Apostate)),1.0,2023-01-01,4.5,Docuseries,D+,Gold,Unscripted,0,0,1.0,0,0,1,0,0,0,0,1,-4.492799501717575,0.04441529852860021
254,American Masters/PBS Library,1.0,2024-01-01,4.5,Docuseries,D+,Platinum,Unscripted,0,0,0.0,0,0,1,0,0,0,0,1,-3.7649036081908096,0.0735615858345042
255,Coming From America D+,1.0,2024-01-01,5.6,Unscripted Series - Docufollow / Reality,D+,Gold,Unscripted,0,0,1.0,0,1,1,0,0,0,0,1,-4.798716193705795,0.035928781198979194
256,Love off the Grid S2,2.0,2024-01-01,5.6,Unscripted Series - Docufollow / Reality,D+,Platinum,Unscripted,0,0,0.0,0,1,1,0,0,0,0,1,-4.07082030017903,0.059506030796932334
257,"My Grandfather, The Zodiac Killer",1.0,2024-01-01,4.5,Docuseries,D+,Platinum,Unscripted,0,0,0.0,0,0,1,0,0,0,0,1,-3.7649036081908096,0.0735615858345042
258,What Are You Eating? (Your Foods Roots with Zooey Deschanel),1.0,2024-01-01,5.6,Unscripted Series - Docufollow / Reality,D+,Gold,Unscripted,0,0,1.0,0,1,1,0,0,0,0,1,-4.798716193705795,0.035928781198979194
259,Shaun White: Born To Fly,1.0,2024-01-01,4.5,Docuseries,BBC,Gold,Unscripted,0,0,1.0,0,0,1,0,0,0,0,1,-4.492799501717575,0.04441529852860021
260,Selling the Hamptons S2,2.0,2024-01-01,5.6,Unscripted Series - Docufollow / Reality,BBC,Gold,Unscripted,0,0,1.0,0,1,1,0,0,0,0,1,-4.798716193705795,0.035928781198979194
261,Taking Back The House,1.0,2023-06-01,5.6,Unscripted Series - Docufollow / Reality,D+,Gold,Unscripted,0,0,1.0,0,1,1,0,0,0,0,1,-4.798716193705795,0.035928781198979194
262,Smartless,1.0,2024-01-01,5.6,Unscripted Series - Docufollow / Reality,D+,Platinum,Unscripted,0,0,0.0,0,1,1,0,0,0,0,1,-4.07082030017903,0.059506030796932334
263,Chasing Flavor (Off the Eaten Path With Carla Hall),1.0,2024-01-01,5.6,Unscripted Series - Docufollow / Reality,D+,Platinum,Unscripted,0,0,0.0,0,1,1,0,0,0,0,1,-4.07082030017903,0.059506030796932334
264,Robert Downey Jr's Dream Cars,1.0,2024-01-01,5.6,Unscripted Series - Docufollow / Reality,D+,Platinum,Unscripted,0,0,0.0,0,1,1,0,0,0,0,1,-4.07082030017903,0.059506030796932334
265,On the Roam with Jason Momoa,1.0,2024-01-01,5.6,Unscripted Series - Docufollow / Reality,D+,Platinum,Unscripted,0,0,0.0,0,1,1,0,0,0,0,1,-4.07082030017903,0.059506030796932334
266,Justice USA,1.0,2024-01-01,5.6,Unscripted Series - Docufollow / Reality,D+,Platinum,Unscripted,0,0,0.0,0,1,1,0,0,0,0,1,-4.07082030017903,0.059506030796932334
267,BBC Titles + Library,1.0,2024-01-01,5.6,Unscripted Series - Docufollow / Reality,D+,Platinum,Unscripted,0,0,0.0,0,1,1,0,0,0,0,1,-4.07082030017903,0.059506030796932334
268,House Party,,2023-01-01,,Pay 1 - Studio,TBD,Platinum,Pay 1,1,0,0.0,0,0,1,0,0,0,0,1,-3.3472153657883332,0.09826249177927636
269,Magic Mike 3,,2023-04-01,,Pay 1 - Studio,TBD,Platinum,Pay 1,1,0,0.0,0,0,1,0,0,0,0,1,-3.3472153657883332,0.09826249177927636
270,Shazam! Fury of the Gods (DC),,2023-06-01,,Pay 1 - Studio,TBD,Platinum,Pay 1,1,0,0.0,0,0,1,0,0,0,0,1,-3.3472153657883332,0.09826249177927636
271,Evil Dead Rise,,2023-06-01,,Pay 1 - Studio,TBD,Platinum,Pay 1,1,0,0.0,0,0,1,0,0,0,0,1,-3.3472153657883332,0.09826249177927636
272,The Flash (DC),,2023-09-01,,Pay 1 - Studio,TBD,Platinum,Pay 1,1,0,0.0,0,0,1,0,0,0,0,1,-3.3472153657883332,0.09826249177927636
273,Barbie,,2023-10-01,,Pay 1 - Studio,TBD,Platinum,Pay 1,1,0,0.0,0,0,1,0,0,0,0,1,-3.3472153657883332,0.09826249177927636
274,The Meg 2,,2023-10-01,,Pay 1 - Studio,TBD,Platinum,Pay 1,1,0,0.0,0,0,1,0,0,0,0,1,-3.3472153657883332,0.09826249177927636
275,Blue Beetle (DC),,2023-11-01,,Pay 1 - Studio,TBD,Platinum,Pay 1,1,0,0.0,0,0,1,0,0,0,0,1,-3.3472153657883332,0.09826249177927636
276,The Nun 2,,2023-11-01,,Pay 1 - Studio,TBD,Platinum,Pay 1,1,0,0.0,0,0,1,0,0,0,0,1,-3.3472153657883332,0.09826249177927636
277,Avatar 2: The Way of Water,,2023-04-01,,Pay 1 - Studio,TBD,Platinum,Pay 1,1,0,0.0,0,0,1,0,0,0,0,1,-3.3472153657883332,0.09826249177927636
278,Dune 2,,2024-02-01,,Pay 1 - Studio,TBD,Platinum,Pay 1,1,0,0.0,0,0,1,0,0,0,0,1,-3.3472153657883332,0.09826249177927636
279,Medium 2,,2024-02-01,,Pay 1 - Studio,TBD,Platinum,Pay 1,1,0,0.0,0,0,1,0,0,0,0,1,-3.3472153657883332,0.09826249177927636
280,Wonka,,2024-03-01,,Pay 1 - Studio,TBD,Platinum,Pay 1,1,0,0.0,0,0,1,0,0,0,0,1,-3.3472153657883332,0.09826249177927636
281,Aquaman & The Lost Kingdom (DC),,2024-03-01,,Pay 1 - Studio,TBD,Platinum,Pay 1,1,0,0.0,0,0,1,0,0,0,0,1,-3.3472153657883332,0.09826249177927636
282,Tentpole 1 (DC),,2024-03-01,,Pay 1 - Studio,TBD,Platinum,Pay 1,1,0,0.0,0,0,1,0,0,0,0,1,-3.3472153657883332,0.09826249177927636
283,Wise Guy,,2024-04-01,,Pay 1 - Studio,TBD,Platinum,Pay 1,1,0,0.0,0,0,1,0,0,0,0,1,-3.3472153657883332,0.09826249177927636
284,Medium 3,,2024-04-01,,Pay 1 - Studio,TBD,Platinum,Pay 1,1,0,0.0,0,0,1,0,0,0,0,1,-3.3472153657883332,0.09826249177927636
285,Tentpole 2 (DC),,2024-05-01,,Pay 1 - Studio,TBD,Platinum,Pay 1,1,0,0.0,0,0,1,0,0,0,0,1,-3.3472153657883332,0.09826249177927636
286,Medium 1,,2024-06-01,,Pay 1 - Studio,TBD,Platinum,Pay 1,1,0,0.0,0,0,1,0,0,0,0,1,-3.3472153657883332,0.09826249177927636
287,Low 2,,2024-08-01,,Pay 1 - Studio,TBD,Gold,Pay 1,1,0,1.0,0,0,1,0,0,0,0,1,-4.075111259315099,0.05932930696137294
288,Tentpole 3 (DC),,2024-10-01,,Pay 1 - Studio,TBD,Platinum,Pay 1,1,0,0.0,0,0,1,0,0,0,0,1,-3.3472153657883332,0.09826249177927636
289,Medium 4,,2024-11-01,,Pay 1 - Studio,TBD,Platinum,Pay 1,1,0,0.0,0,0,1,0,0,0,0,1,-3.3472153657883332,0.09826249177927636
290,Tentpole 4,,2024-12-01,,Pay 1 - Studio,TBD,Platinum,Pay 1,1,0,0.0,0,0,1,0,0,0,0,1,-3.3472153657883332,0.09826249177927636
291,Low 3,,2025-01-01,,Pay 1 - Studio,TBD,Gold,Pay 1,1,0,1.0,0,0,1,0,0,0,0,1,-4.075111259315099,0.05932930696137294
292,Medium 1,,2025-02-01,,Pay 1 - Studio,TBD,Platinum,Pay 1,1,0,0.0,0,0,1,0,0,0,0,1,-3.3472153657883332,0.09826249177927636
293,Tentpole 1 (DC),,2025-03-01,,Pay 1 - Studio,TBD,Platinum,Pay 1,1,0,0.0,0,0,1,0,0,0,0,1,-3.3472153657883332,0.09826249177927636
294,Low 1,,2025-03-01,,Pay 1 - Studio,TBD,Gold,Pay 1,1,0,1.0,0,0,1,0,0,0,0,1,-4.075111259315099,0.05932930696137294
295,Tentpole 2,,2025-04-01,,Pay 1 - Studio,TBD,Platinum,Pay 1,1,0,0.0,0,0,1,0,0,0,0,1,-3.3472153657883332,0.09826249177927636
296,Tentpole 3 (DC),,2025-05-01,,Pay 1 - Studio,TBD,Platinum,Pay 1,1,0,0.0,0,0,1,0,0,0,0,1,-3.3472153657883332,0.09826249177927636
297,Medium 2,,2025-06-01,,Pay 1 - Studio,TBD,Platinum,Pay 1,1,0,0.0,0,0,1,0,0,0,0,1,-3.3472153657883332,0.09826249177927636
298,Low 2,,2025-07-01,,Pay 1 - Studio,TBD,Gold,Pay 1,1,0,1.0,0,0,1,0,0,0,0,1,-4.075111259315099,0.05932930696137294
299,Medium 3,,2025-08-01,,Pay 1 - Studio,TBD,Platinum,Pay 1,1,0,0.0,0,0,1,0,0,0,0,1,-3.3472153657883332,0.09826249177927636
300,Low 3,,2025-09-01,,Pay 1 - Studio,TBD,Gold,Pay 1,1,0,1.0,0,0,1,0,0,0,0,1,-4.075111259315099,0.05932930696137294
301,Tentpole 4 (DC),,2025-10-01,,Pay 1 - Studio,TBD,Platinum,Pay 1,1,0,0.0,0,0,1,0,0,0,0,1,-3.3472153657883332,0.09826249177927636
302,Low 4,,2025-10-01,,Pay 1 - Studio,TBD,Gold,Pay 1,1,0,1.0,0,0,1,0,0,0,0,1,-4.075111259315099,0.05932930696137294
303,Medium 4,,2025-11-01,,Pay 1 - Studio,TBD,Platinum,Pay 1,1,0,0.0,0,0,1,0,0,0,0,1,-3.3472153657883332,0.09826249177927636
304,Tentpole 5,,2025-12-01,,Pay 1 - Studio,TBD,Platinum,Pay 1,1,0,0.0,0,0,1,0,0,0,0,1,-3.3472153657883332,0.09826249177927636
305,Placeholder Pay 1 - Warner,,2026-09-01,,Pay 1 - Studio,TBD,Gold,Pay 1,1,0,1.0,0,0,1,0,0,0,0,1,-4.075111259315099,0.05932930696137294
306,Placeholder Pay 1 - Warner,,2026-10-01,,Pay 1 - Studio,TBD,Platinum,Pay 1,1,0,0.0,0,0,1,0,0,0,0,1,-3.3472153657883332,0.09826249177927636
307,Placeholder Pay 1 - Warner,,2026-11-01,,Pay 1 - Studio,TBD,Platinum,Pay 1,1,0,0.0,0,0,1,0,0,0,0,1,-3.3472153657883332,0.09826249177927636
308,Placeholder Pay 1 - Warner,,2026-12-01,,Pay 1 - Studio,TBD,Gold,Pay 1,1,0,1.0,0,0,1,0,0,0,0,1,-4.075111259315099,0.05932930696137294
309,Placeholder Pay 1 - Warner,,2026-01-01,,Pay 1 - Studio,TBD,Platinum,Pay 1,1,0,0.0,0,0,1,0,0,0,0,1,-3.3472153657883332,0.09826249177927636
310,Placeholder Pay 1 - Warner,,2026-02-01,,Pay 1 - Studio,TBD,Platinum,Pay 1,1,0,0.0,0,0,1,0,0,0,0,1,-3.3472153657883332,0.09826249177927636
311,Placeholder Pay 1 - Warner,,2026-03-01,,Pay 1 - Studio,TBD,Platinum,Pay 1,1,0,0.0,0,0,1,0,0,0,0,1,-3.3472153657883332,0.09826249177927636
312,Placeholder Pay 1 - Warner,,2026-04-01,,Pay 1 - Studio,TBD,Gold,Pay 1,1,0,1.0,0,0,1,0,0,0,0,1,-4.075111259315099,0.05932930696137294
313,Placeholder Pay 1 - Warner,,2026-05-01,,Pay 1 - Studio,TBD,Platinum,Pay 1,1,0,0.0,0,0,1,0,0,0,0,1,-3.3472153657883332,0.09826249177927636
314,Placeholder Pay 1 - Warner,,2026-06-01,,Pay 1 - Studio,TBD,Gold,Pay 1,1,0,1.0,0,0,1,0,0,0,0,1,-4.075111259315099,0.05932930696137294
315,Placeholder Pay 1 - Warner,,2026-07-01,,Pay 1 - Studio,TBD,Platinum,Pay 1,1,0,0.0,0,0,1,0,0,0,0,1,-3.3472153657883332,0.09826249177927636
316,Placeholder Pay 1 - Warner,,2026-08-01,,Pay 1 - Studio,TBD,Gold,Pay 1,1,0,1.0,0,0,1,0,0,0,0,1,-4.075111259315099,0.05932930696137294
317,Placeholder Pay 1 - Warner,,2026-09-01,,Pay 1 - Studio,TBD,Platinum,Pay 1,1,0,0.0,0,0,1,0,0,0,0,1,-3.3472153657883332,0.09826249177927636
318,Placeholder Pay 1 - Warner,,2026-10-01,,Pay 1 - Studio,TBD,Platinum,Pay 1,1,0,0.0,0,0,1,0,0,0,0,1,-3.3472153657883332,0.09826249177927636
319,Placeholder Pay 1 - Warner,,2027-07-01,,Pay 1 - Studio,TBD,Gold,Pay 1,1,0,1.0,0,0,1,0,0,0,0,1,-4.075111259315099,0.05932930696137294
320,Placeholder Pay 1 - Warner,,2027-08-01,,Pay 1 - Studio,TBD,Platinum,Pay 1,1,0,0.0,0,0,1,0,0,0,0,1,-3.3472153657883332,0.09826249177927636
321,Placeholder Pay 1 - Warner,,2027-09-01,,Pay 1 - Studio,TBD,Platinum,Pay 1,1,0,0.0,0,0,1,0,0,0,0,1,-3.3472153657883332,0.09826249177927636
322,Placeholder Pay 1 - Warner,,2027-10-01,,Pay 1 - Studio,TBD,Gold,Pay 1,1,0,1.0,0,0,1,0,0,0,0,1,-4.075111259315099,0.05932930696137294
323,Placeholder Pay 1 - Warner,,2027-11-01,,Pay 1 - Studio,TBD,Platinum,Pay 1,1,0,0.0,0,0,1,0,0,0,0,1,-3.3472153657883332,0.09826249177927636
324,Placeholder Pay 1 - Warner,,2027-12-01,,Pay 1 - Studio,TBD,Platinum,Pay 1,1,0,0.0,0,0,1,0,0,0,0,1,-3.3472153657883332,0.09826249177927636
325,Placeholder Pay 1 - Warner,,2027-01-01,,Pay 1 - Studio,TBD,Platinum,Pay 1,1,0,0.0,0,0,1,0,0,0,0,1,-3.3472153657883332,0.09826249177927636
326,Placeholder Pay 1 - Warner,,2027-02-01,,Pay 1 - Studio,TBD,Gold,Pay 1,1,0,1.0,0,0,1,0,0,0,0,1,-4.075111259315099,0.05932930696137294
327,Placeholder Pay 1 - Warner,,2027-03-01,,Pay 1 - Studio,TBD,Platinum,Pay 1,1,0,0.0,0,0,1,0,0,0,0,1,-3.3472153657883332,0.09826249177927636
328,Placeholder Pay 1 - Warner,,2027-04-01,,Pay 1 - Studio,TBD,Gold,Pay 1,1,0,1.0,0,0,1,0,0,0,0,1,-4.075111259315099,0.05932930696137294
329,Placeholder Pay 1 - Warner,,2027-05-01,,Pay 1 - Studio,TBD,Platinum,Pay 1,1,0,0.0,0,0,1,0,0,0,0,1,-3.3472153657883332,0.09826249177927636
330,Placeholder Pay 1 - Warner,,2027-06-01,,Pay 1 - Studio,TBD,Gold,Pay 1,1,0,1.0,0,0,1,0,0,0,0,1,-4.075111259315099,0.05932930696137294
331,Placeholder Pay 1 - Warner,,2027-07-01,,Pay 1 - Studio,TBD,Platinum,Pay 1,1,0,0.0,0,0,1,0,0,0,0,1,-3.3472153657883332,0.09826249177927636
332,Placeholder Pay 1 - Warner,,2027-08-01,,Pay 1 - Studio,TBD,Platinum,Pay 1,1,0,0.0,0,0,1,0,0,0,0,1,-3.3472153657883332,0.09826249177927636
333,Placeholder Pay 1 - Warner,,2028-05-01,,Pay 1 - Studio,TBD,Gold,Pay 1,1,0,1.0,0,0,1,0,0,0,0,1,-4.075111259315099,0.05932930696137294
334,Placeholder Pay 1 - Warner,,2028-06-01,,Pay 1 - Studio,TBD,Platinum,Pay 1,1,0,0.0,0,0,1,0,0,0,0,1,-3.3472153657883332,0.09826249177927636
335,Placeholder Pay 1 - Warner,,2028-07-01,,Pay 1 - Studio,TBD,Platinum,Pay 1,1,0,0.0,0,0,1,0,0,0,0,1,-3.3472153657883332,0.09826249177927636
336,Placeholder Pay 1 - Warner,,2028-08-01,,Pay 1 - Studio,TBD,Gold,Pay 1,1,0,1.0,0,0,1,0,0,0,0,1,-4.075111259315099,0.05932930696137294
337,Placeholder Pay 1 - Warner,,2028-09-01,,Pay 1 - Studio,TBD,Platinum,Pay 1,1,0,0.0,0,0,1,0,0,0,0,1,-3.3472153657883332,0.09826249177927636
338,Placeholder Pay 1 - Warner,,2028-10-01,,Pay 1 - Studio,TBD,Platinum,Pay 1,1,0,0.0,0,0,1,0,0,0,0,1,-3.3472153657883332,0.09826249177927636
339,Placeholder Pay 1 - Warner,,2028-11-01,,Pay 1 - Studio,TBD,Platinum,Pay 1,1,0,0.0,0,0,1,0,0,0,0,1,-3.3472153657883332,0.09826249177927636
340,Placeholder Pay 1 - Warner,,2028-12-01,,Pay 1 - Studio,TBD,Gold,Pay 1,1,0,1.0,0,0,1,0,0,0,0,1,-4.075111259315099,0.05932930696137294
341,Placeholder Pay 1 - Warner,,2028-01-01,,Pay 1 - Studio,TBD,Platinum,Pay 1,1,0,0.0,0,0,1,0,0,0,0,1,-3.3472153657883332,0.09826249177927636
342,Placeholder Pay 1 - Warner,,2028-02-01,,Pay 1 - Studio,TBD,Gold,Pay 1,1,0,1.0,0,0,1,0,0,0,0,1,-4.075111259315099,0.05932930696137294
343,Placeholder Pay 1 - Warner,,2028-03-01,,Pay 1 - Studio,TBD,Platinum,Pay 1,1,0,0.0,0,0,1,0,0,0,0,1,-3.3472153657883332,0.09826249177927636
344,Placeholder Pay 1 - Warner,,2028-04-01,,Pay 1 - Studio,TBD,Gold,Pay 1,1,0,1.0,0,0,1,0,0,0,0,1,-4.075111259315099,0.05932930696137294
345,Placeholder Pay 1 - Warner,,2028-05-01,,Pay 1 - Studio,TBD,Platinum,Pay 1,1,0,0.0,0,0,1,0,0,0,0,1,-3.3472153657883332,0.09826249177927636
346,Placeholder Pay 1 - Warner,,2028-06-01,,Pay 1 - Studio,TBD,Platinum,Pay 1,1,0,0.0,0,0,1,0,0,0,0,1,-3.3472153657883332,0.09826249177927636
347,Gold Concurrent 2023,2.0,2023-01-01,,Unscripted Series - Docufollow / Reality,TBD,Gold,Unscripted,0,0,1.0,0,1,1,0,0,0,0,1,-4.798716193705795,0.035928781198979194
348,Gold Concurrent 2023,2.0,2023-02-01,,Unscripted Series - Docufollow / Reality,TBD,Gold,Unscripted,0,0,1.0,0,1,1,0,0,0,0,1,-4.798716193705795,0.035928781198979194
349,Gold Concurrent 2023,2.0,2023-04-01,,Unscripted Series - Docufollow / Reality,TBD,Gold,Unscripted,0,0,1.0,0,1,1,0,0,0,0,1,-4.798716193705795,0.035928781198979194
350,Gold Concurrent 2023,1.0,2023-08-01,,Unscripted Series - Docufollow / Reality,TBD,Gold,Unscripted,0,0,1.0,0,1,1,0,0,0,0,1,-4.798716193705795,0.035928781198979194
351,Gold Concurrent 2023,2.0,2023-09-01,,Unscripted Series - Docufollow / Reality,TBD,Gold,Unscripted,0,0,1.0,0,1,1,0,0,0,0,1,-4.798716193705795,0.035928781198979194
352,Gold Concurrent 2023,2.0,2023-10-01,,Unscripted Series - Docufollow / Reality,TBD,Gold,Unscripted,0,0,1.0,0,1,1,0,0,0,0,1,-4.798716193705795,0.035928781198979194
353,Gold Concurrent 2023,2.0,2023-12-01,,Unscripted Series - Docufollow / Reality,TBD,Gold,Unscripted,0,0,1.0,0,1,1,0,0,0,0,1,-4.798716193705795,0.035928781198979194
354,Gold Concurrent 2023,1.0,2023-08-01,,Unscripted Series - Docufollow / Reality,TBD,Gold,Unscripted,0,0,1.0,0,1,1,0,0,0,0,1,-4.798716193705795,0.035928781198979194
355,Gold Concurrent 2023,2.0,2023-09-01,,Unscripted Series - Docufollow / Reality,TBD,Gold,Unscripted,0,0,1.0,0,1,1,0,0,0,0,1,-4.798716193705795,0.035928781198979194
356,Gold Concurrent 2023,2.0,2023-10-01,,Unscripted Series - Docufollow / Reality,TBD,Gold,Unscripted,0,0,1.0,0,1,1,0,0,0,0,1,-4.798716193705795,0.035928781198979194
357,Gold Concurrent 2024,1.0,2024-01-01,,Unscripted Series - Docufollow / Reality,TBD,Gold,Unscripted,0,0,1.0,0,1,1,0,0,0,0,1,-4.798716193705795,0.035928781198979194
358,Gold Concurrent 2024,2.0,2024-02-01,,Unscripted Series - Docufollow / Reality,TBD,Gold,Unscripted,0,0,1.0,0,1,1,0,0,0,0,1,-4.798716193705795,0.035928781198979194
359,Gold Concurrent 2024,2.0,2024-04-01,,Unscripted Series - Docufollow / Reality,TBD,Gold,Unscripted,0,0,1.0,0,1,1,0,0,0,0,1,-4.798716193705795,0.035928781198979194
360,Gold Concurrent 2024,2.0,2024-08-01,,Unscripted Series - Docufollow / Reality,TBD,Gold,Unscripted,0,0,1.0,0,1,1,0,0,0,0,1,-4.798716193705795,0.035928781198979194
361,Gold Concurrent 2024,1.0,2024-09-01,,Unscripted Series - Docufollow / Reality,TBD,Gold,Unscripted,0,0,1.0,0,1,1,0,0,0,0,1,-4.798716193705795,0.035928781198979194
362,Gold Concurrent 2024,2.0,2024-10-01,,Unscripted Series - Docufollow / Reality,TBD,Gold,Unscripted,0,0,1.0,0,1,1,0,0,0,0,1,-4.798716193705795,0.035928781198979194
363,Gold Concurrent 2024,2.0,2024-12-01,,Unscripted Series - Docufollow / Reality,TBD,Gold,Unscripted,0,0,1.0,0,1,1,0,0,0,0,1,-4.798716193705795,0.035928781198979194
364,Gold Concurrent 2024,1.0,2024-11-01,,Unscripted Series - Docufollow / Reality,TBD,Gold,Unscripted,0,0,1.0,0,1,1,0,0,0,0,1,-4.798716193705795,0.035928781198979194
365,Gold Concurrent 2024,2.0,2024-02-01,,Unscripted Series - Docufollow / Reality,TBD,Gold,Unscripted,0,0,1.0,0,1,1,0,0,0,0,1,-4.798716193705795,0.035928781198979194
366,Gold Concurrent 2024,2.0,2024-06-01,,Unscripted Series - Docufollow / Reality,TBD,Gold,Unscripted,0,0,1.0,0,1,1,0,0,0,0,1,-4.798716193705795,0.035928781198979194
367,Gold Concurrent 2025,2.0,2025-01-01,,Unscripted Series - Docufollow / Reality,TBD,Gold,Unscripted,0,0,1.0,0,1,1,0,0,0,0,1,-4.798716193705795,0.035928781198979194
368,Gold Concurrent 2025,1.0,2025-02-01,,Unscripted Series - Docufollow / Reality,TBD,Gold,Unscripted,0,0,1.0,0,1,1,0,0,0,0,1,-4.798716193705795,0.035928781198979194
369,Gold Concurrent 2025,2.0,2025-04-01,,Unscripted Series - Docufollow / Reality,TBD,Gold,Unscripted,0,0,1.0,0,1,1,0,0,0,0,1,-4.798716193705795,0.035928781198979194
370,Gold Concurrent 2025,2.0,2025-08-01,,Unscripted Series - Docufollow / Reality,TBD,Gold,Unscripted,0,0,1.0,0,1,1,0,0,0,0,1,-4.798716193705795,0.035928781198979194
371,Gold Concurrent 2025,2.0,2025-09-01,,Unscripted Series - Docufollow / Reality,TBD,Gold,Unscripted,0,0,1.0,0,1,1,0,0,0,0,1,-4.798716193705795,0.035928781198979194
372,Gold Concurrent 2025,1.0,2025-10-01,,Unscripted Series - Docufollow / Reality,TBD,Gold,Unscripted,0,0,1.0,0,1,1,0,0,0,0,1,-4.798716193705795,0.035928781198979194
373,Gold Concurrent 2025,2.0,2025-12-01,,Unscripted Series - Docufollow / Reality,TBD,Gold,Unscripted,0,0,1.0,0,1,1,0,0,0,0,1,-4.798716193705795,0.035928781198979194
374,Gold Concurrent 2025,2.0,2025-05-01,,Unscripted Series - Docufollow / Reality,TBD,Gold,Unscripted,0,0,1.0,0,1,1,0,0,0,0,1,-4.798716193705795,0.035928781198979194
375,Gold Concurrent 2025,1.0,2025-02-01,,Unscripted Series - Docufollow / Reality,TBD,Gold,Unscripted,0,0,1.0,0,1,1,0,0,0,0,1,-4.798716193705795,0.035928781198979194
376,Gold Concurrent 2025,2.0,2025-01-01,,Unscripted Series - Docufollow / Reality,TBD,Gold,Unscripted,0,0,1.0,0,1,1,0,0,0,0,1,-4.798716193705795,0.035928781198979194
377,Gold Concurrent 2026,2.0,2026-01-01,,Unscripted Series - Docufollow / Reality,TBD,Gold,Unscripted,0,0,1.0,0,1,1,0,0,0,0,1,-4.798716193705795,0.035928781198979194
378,Gold Concurrent 2026,2.0,2026-02-01,,Unscripted Series - Docufollow / Reality,TBD,Gold,Unscripted,0,0,1.0,0,1,1,0,0,0,0,1,-4.798716193705795,0.035928781198979194
379,Gold Concurrent 2026,1.0,2026-04-01,,Unscripted Series - Docufollow / Reality,TBD,Gold,Unscripted,0,0,1.0,0,1,1,0,0,0,0,1,-4.798716193705795,0.035928781198979194
380,Gold Concurrent 2026,2.0,2026-08-01,,Unscripted Series - Docufollow / Reality,TBD,Gold,Unscripted,0,0,1.0,0,1,1,0,0,0,0,1,-4.798716193705795,0.035928781198979194
381,Gold Concurrent 2026,2.0,2026-09-01,,Unscripted Series - Docufollow / Reality,TBD,Gold,Unscripted,0,0,1.0,0,1,1,0,0,0,0,1,-4.798716193705795,0.035928781198979194
382,Gold Concurrent 2026,2.0,2026-10-01,,Unscripted Series - Docufollow / Reality,TBD,Gold,Unscripted,0,0,1.0,0,1,1,0,0,0,0,1,-4.798716193705795,0.035928781198979194
383,Gold Concurrent 2026,1.0,2026-12-01,,Unscripted Series - Docufollow / Reality,TBD,Gold,Unscripted,0,0,1.0,0,1,1,0,0,0,0,1,-4.798716193705795,0.035928781198979194
384,Gold Concurrent 2026,2.0,2026-04-01,,Unscripted Series - Docufollow / Reality,TBD,Gold,Unscripted,0,0,1.0,0,1,1,0,0,0,0,1,-4.798716193705795,0.035928781198979194
385,Gold Concurrent 2026,2.0,2026-03-01,,Unscripted Series - Docufollow / Reality,TBD,Gold,Unscripted,0,0,1.0,0,1,1,0,0,0,0,1,-4.798716193705795,0.035928781198979194
386,Gold Concurrent 2026,1.0,2026-07-01,,Unscripted Series - Docufollow / Reality,TBD,Gold,Unscripted,0,0,1.0,0,1,1,0,0,0,0,1,-4.798716193705795,0.035928781198979194
387,Gold Concurrent 2027,2.0,2027-01-01,,Unscripted Series - Docufollow / Reality,TBD,Gold,Unscripted,0,0,1.0,0,1,1,0,0,0,0,1,-4.798716193705795,0.035928781198979194
388,Gold Concurrent 2027,2.0,2027-02-01,,Unscripted Series - Docufollow / Reality,TBD,Gold,Unscripted,0,0,1.0,0,1,1,0,0,0,0,1,-4.798716193705795,0.035928781198979194
389,Gold Concurrent 2027,2.0,2027-04-01,,Unscripted Series - Docufollow / Reality,TBD,Gold,Unscripted,0,0,1.0,0,1,1,0,0,0,0,1,-4.798716193705795,0.035928781198979194
390,Gold Concurrent 2027,1.0,2027-08-01,,Unscripted Series - Docufollow / Reality,TBD,Gold,Unscripted,0,0,1.0,0,1,1,0,0,0,0,1,-4.798716193705795,0.035928781198979194
391,Gold Concurrent 2027,2.0,2027-09-01,,Unscripted Series - Docufollow / Reality,TBD,Gold,Unscripted,0,0,1.0,0,1,1,0,0,0,0,1,-4.798716193705795,0.035928781198979194
392,Gold Concurrent 2027,2.0,2027-10-01,,Unscripted Series - Docufollow / Reality,TBD,Gold,Unscripted,0,0,1.0,0,1,1,0,0,0,0,1,-4.798716193705795,0.035928781198979194
393,Gold Concurrent 2027,2.0,2027-12-01,,Unscripted Series - Docufollow / Reality,TBD,Gold,Unscripted,0,0,1.0,0,1,1,0,0,0,0,1,-4.798716193705795,0.035928781198979194
394,Gold Concurrent 2027,2.0,2027-04-01,,Unscripted Series - Docufollow / Reality,TBD,Gold,Unscripted,0,0,1.0,0,1,1,0,0,0,0,1,-4.798716193705795,0.035928781198979194
395,Gold Concurrent 2027,2.0,2027-03-01,,Unscripted Series - Docufollow / Reality,TBD,Gold,Unscripted,0,0,1.0,0,1,1,0,0,0,0,1,-4.798716193705795,0.035928781198979194
396,Gold Concurrent 2027,2.0,2027-07-01,,Unscripted Series - Docufollow / Reality,TBD,Gold,Unscripted,0,0,1.0,0,1,1,0,0,0,0,1,-4.798716193705795,0.035928781198979194
397,Gold Concurrent 2028,1.0,2028-01-01,,Unscripted Series - Docufollow / Reality,TBD,Gold,Unscripted,0,0,1.0,0,1,1,0,0,0,0,1,-4.798716193705795,0.035928781198979194
398,Gold Concurrent 2028,2.0,2028-02-01,,Unscripted Series - Docufollow / Reality,TBD,Gold,Unscripted,0,0,1.0,0,1,1,0,0,0,0,1,-4.798716193705795,0.035928781198979194
399,Gold Concurrent 2028,2.0,2028-04-01,,Unscripted Series - Docufollow / Reality,TBD,Gold,Unscripted,0,0,1.0,0,1,1,0,0,0,0,1,-4.798716193705795,0.035928781198979194
400,Gold Concurrent 2028,2.0,2028-08-01,,Unscripted Series - Docufollow / Reality,TBD,Gold,Unscripted,0,0,1.0,0,1,1,0,0,0,0,1,-4.798716193705795,0.035928781198979194
401,Gold Concurrent 2028,1.0,2028-09-01,,Unscripted Series - Docufollow / Reality,TBD,Gold,Unscripted,0,0,1.0,0,1,1,0,0,0,0,1,-4.798716193705795,0.035928781198979194
402,Gold Concurrent 2028,2.0,2028-10-01,,Unscripted Series - Docufollow / Reality,TBD,Gold,Unscripted,0,0,1.0,0,1,1,0,0,0,0,1,-4.798716193705795,0.035928781198979194
403,Gold Concurrent 2028,2.0,2028-12-01,,Unscripted Series - Docufollow / Reality,TBD,Gold,Unscripted,0,0,1.0,0,1,1,0,0,0,0,1,-4.798716193705795,0.035928781198979194
404,Gold Concurrent 2028,1.0,2028-07-01,,Unscripted Series - Docufollow / Reality,TBD,Gold,Unscripted,0,0,1.0,0,1,1,0,0,0,0,1,-4.798716193705795,0.035928781198979194
405,Gold Concurrent 2028,2.0,2028-04-01,,Unscripted Series - Docufollow / Reality,TBD,Gold,Unscripted,0,0,1.0,0,1,1,0,0,0,0,1,-4.798716193705795,0.035928781198979194
406,Gold Concurrent 2028,2.0,2028-03-01,,Unscripted Series - Docufollow / Reality,TBD,Gold,Unscripted,0,0,1.0,0,1,1,0,0,0,0,1,-4.798716193705795,0.035928781198979194
407,Fox Pay-1 Film,,2024-05-01,,Pay 1 - Studio,HBO MAX,Gold,Pay 1,1,0,1.0,0,0,1,0,0,0,0,1,-4.075111259315099,0.05932930696137294
408,Fox Pay-1 Film,,2024-06-01,,Pay 1 - Studio,HBO MAX,Silver,Pay 1,1,0,2.0,0,0,1,0,0,0,0,1,-4.2488098593398185,0.052599399548220856
409,Fox Pay-1 Film,,2024-07-01,,Pay 1 - Studio,HBO MAX,Gold,Pay 1,1,0,1.0,0,0,1,0,0,0,0,1,-4.075111259315099,0.05932930696137294
410,Fox Pay-1 Film,,2024-08-01,,Pay 1 - Studio,HBO MAX,Silver,Pay 1,1,0,2.0,0,0,1,0,0,0,0,1,-4.2488098593398185,0.052599399548220856
411,Fox Pay-1 Film,,2024-09-01,,Pay 1 - Studio,HBO MAX,Gold,Pay 1,1,0,1.0,0,0,1,0,0,0,0,1,-4.075111259315099,0.05932930696137294
412,Fox Pay-1 Film,,2024-10-01,,Pay 1 - Studio,HBO MAX,Silver,Pay 1,1,0,2.0,0,0,1,0,0,0,0,1,-4.2488098593398185,0.052599399548220856
413,Fox Pay-1 Film,,2024-11-01,,Pay 1 - Studio,HBO MAX,Gold,Pay 1,1,0,1.0,0,0,1,0,0,0,0,1,-4.075111259315099,0.05932930696137294
414,Fox Pay-1 Film,,2024-12-01,,Pay 1 - Studio,HBO MAX,Silver,Pay 1,1,0,2.0,0,0,1,0,0,0,0,1,-4.2488098593398185,0.052599399548220856
415,Fox Pay-1 Film,,2025-01-01,,Pay 1 - Studio,HBO MAX,Gold,Pay 1,1,0,1.0,0,0,1,0,0,0,0,1,-4.075111259315099,0.05932930696137294
416,Fox Pay-1 Film,,2025-02-01,,Pay 1 - Studio,HBO MAX,Silver,Pay 1,1,0,2.0,0,0,1,0,0,0,0,1,-4.2488098593398185,0.052599399548220856
417,Fox Pay-1 Film,,2025-03-01,,Pay 1 - Studio,HBO MAX,Gold,Pay 1,1,0,1.0,0,0,1,0,0,0,0,1,-4.075111259315099,0.05932930696137294
418,Fox Pay-1 Film,,2025-04-01,,Pay 1 - Studio,HBO MAX,Silver,Pay 1,1,0,2.0,0,0,1,0,0,0,0,1,-4.2488098593398185,0.052599399548220856
419,Fox Pay-1 Film,,2025-05-01,,Pay 1 - Studio,HBO MAX,Gold,Pay 1,1,0,1.0,0,0,1,0,0,0,0,1,-4.075111259315099,0.05932930696137294
420,Fox Pay-1 Film,,2025-06-01,,Pay 1 - Studio,HBO MAX,Silver,Pay 1,1,0,2.0,0,0,1,0,0,0,0,1,-4.2488098593398185,0.052599399548220856
421,Fox Pay-1 Film,,2025-07-01,,Pay 1 - Studio,HBO MAX,Gold,Pay 1,1,0,1.0,0,0,1,0,0,0,0,1,-4.075111259315099,0.05932930696137294
422,Fox Pay-1 Film,,2025-08-01,,Pay 1 - Studio,HBO MAX,Silver,Pay 1,1,0,2.0,0,0,1,0,0,0,0,1,-4.2488098593398185,0.052599399548220856
423,Fox Pay-1 Film,,2025-09-01,,Pay 1 - Studio,HBO MAX,Gold,Pay 1,1,0,1.0,0,0,1,0,0,0,0,1,-4.075111259315099,0.05932930696137294
424,Fox Pay-1 Film,,2025-10-01,,Pay 1 - Studio,HBO MAX,Silver,Pay 1,1,0,2.0,0,0,1,0,0,0,0,1,-4.2488098593398185,0.052599399548220856
425,Fox Pay-1 Film,,2025-11-01,,Pay 1 - Studio,HBO MAX,Gold,Pay 1,1,0,1.0,0,0,1,0,0,0,0,1,-4.075111259315099,0.05932930696137294
426,Fox Pay-1 Film,,2025-12-01,,Pay 1 - Studio,HBO MAX,Silver,Pay 1,1,0,2.0,0,0,1,0,0,0,0,1,-4.2488098593398185,0.052599399548220856
427,Fox Pay-1 Film,,2026-01-01,,Pay 1 - Studio,HBO MAX,Gold,Pay 1,1,0,1.0,0,0,1,0,0,0,0,1,-4.075111259315099,0.05932930696137294
428,Fox Pay-1 Film,,2026-02-01,,Pay 1 - Studio,HBO MAX,Silver,Pay 1,1,0,2.0,0,0,1,0,0,0,0,1,-4.2488098593398185,0.052599399548220856
429,Fox Pay-1 Film,,2026-03-01,,Pay 1 - Studio,HBO MAX,Gold,Pay 1,1,0,1.0,0,0,1,0,0,0,0,1,-4.075111259315099,0.05932930696137294
430,Fox Pay-1 Film,,2026-04-01,,Pay 1 - Studio,HBO MAX,Silver,Pay 1,1,0,2.0,0,0,1,0,0,0,0,1,-4.2488098593398185,0.052599399548220856
431,Lionsgate Pay-1 Film,,2024-05-01,,Pay 1 - Studio,HBO MAX,Silver,Pay 1,1,0,2.0,0,0,1,0,0,0,0,1,-4.2488098593398185,0.052599399548220856
432,Lionsgate Pay-1 Film,,2024-07-01,,Pay 1 - Studio,HBO MAX,Silver,Pay 1,1,0,2.0,0,0,1,0,0,0,0,1,-4.2488098593398185,0.052599399548220856
433,Lionsgate Pay-1 Film,,2024-09-01,,Pay 1 - Studio,HBO MAX,Silver,Pay 1,1,0,2.0,0,0,1,0,0,0,0,1,-4.2488098593398185,0.052599399548220856
434,Lionsgate Pay-1 Film,,2024-11-01,,Pay 1 - Studio,HBO MAX,Silver,Pay 1,1,0,2.0,0,0,1,0,0,0,0,1,-4.2488098593398185,0.052599399548220856
435,Lionsgate Pay-1 Film,,2025-01-01,,Pay 1 - Studio,HBO MAX,Silver,Pay 1,1,0,2.0,0,0,1,0,0,0,0,1,-4.2488098593398185,0.052599399548220856
436,Lionsgate Pay-1 Film,,2025-03-01,,Pay 1 - Studio,HBO MAX,Silver,Pay 1,1,0,2.0,0,0,1,0,0,0,0,1,-4.2488098593398185,0.052599399548220856
437,Lionsgate Pay-1 Film,,2025-05-01,,Pay 1 - Studio,HBO MAX,Silver,Pay 1,1,0,2.0,0,0,1,0,0,0,0,1,-4.2488098593398185,0.052599399548220856
438,Lionsgate Pay-1 Film,,2025-07-01,,Pay 1 - Studio,HBO MAX,Silver,Pay 1,1,0,2.0,0,0,1,0,0,0,0,1,-4.2488098593398185,0.052599399548220856
439,Lionsgate Pay-1 Film,,2025-09-01,,Pay 1 - Studio,HBO MAX,Silver,Pay 1,1,0,2.0,0,0,1,0,0,0,0,1,-4.2488098593398185,0.052599399548220856
440,Lionsgate Pay-1 Film,,2025-11-01,,Pay 1 - Studio,HBO MAX,Silver,Pay 1,1,0,2.0,0,0,1,0,0,0,0,1,-4.2488098593398185,0.052599399548220856
441,Lionsgate Pay-1 Film,,2026-01-01,,Pay 1 - Studio,HBO MAX,Silver,Pay 1,1,0,2.0,0,0,1,0,0,0,0,1,-4.2488098593398185,0.052599399548220856
442,Lionsgate Pay-1 Film,,2026-03-01,,Pay 1 - Studio,HBO MAX,Silver,Pay 1,1,0,2.0,0,0,1,0,0,0,0,1,-4.2488098593398185,0.052599399548220856
443,A24 Pay-1 Film,,2024-03-01,,Pay 1 - Indie,HBO MAX,Platinum,Pay 1,1,0,0.0,0,0,1,0,0,0,0,1,-3.3472153657883332,0.09826249177927636
444,A24 Pay-1 Film,,2024-04-01,,Pay 1 - Indie,HBO MAX,Gold,Pay 1,1,0,1.0,0,0,1,0,0,0,0,1,-4.075111259315099,0.05932930696137294
445,A24 Pay-1 Film,,2024-05-01,,Pay 1 - Indie,HBO MAX,Silver,Pay 1,1,0,2.0,0,0,1,0,0,0,0,1,-4.2488098593398185,0.052599399548220856
446,A24 Pay-1 Film,,2024-06-01,,Pay 1 - Indie,HBO MAX,Silver,Pay 1,1,0,2.0,0,0,1,0,0,0,0,1,-4.2488098593398185,0.052599399548220856
447,A24 Pay-1 Film,,2024-07-01,,Pay 1 - Indie,HBO MAX,Silver,Pay 1,1,0,2.0,0,0,1,0,0,0,0,1,-4.2488098593398185,0.052599399548220856
448,A24 Pay-1 Film,,2024-08-01,,Pay 1 - Indie,HBO MAX,Gold,Pay 1,1,0,1.0,0,0,1,0,0,0,0,1,-4.075111259315099,0.05932930696137294
449,A24 Pay-1 Film,,2024-09-01,,Pay 1 - Indie,HBO MAX,Silver,Pay 1,1,0,2.0,0,0,1,0,0,0,0,1,-4.2488098593398185,0.052599399548220856
450,A24 Pay-1 Film,,2024-10-01,,Pay 1 - Indie,HBO MAX,Silver,Pay 1,1,0,2.0,0,0,1,0,0,0,0,1,-4.2488098593398185,0.052599399548220856
451,A24 Pay-1 Film,,2024-11-01,,Pay 1 - Indie,HBO MAX,Silver,Pay 1,1,0,2.0,0,0,1,0,0,0,0,1,-4.2488098593398185,0.052599399548220856
452,A24 Pay-1 Film,,2024-12-01,,Pay 1 - Indie,HBO MAX,Gold,Pay 1,1,0,1.0,0,0,1,0,0,0,0,1,-4.075111259315099,0.05932930696137294
453,A24 Pay-1 Film,,2025-01-01,,Pay 1 - Indie,HBO MAX,Silver,Pay 1,1,0,2.0,0,0,1,0,0,0,0,1,-4.2488098593398185,0.052599399548220856
454,A24 Pay-1 Film,,2025-02-01,,Pay 1 - Indie,HBO MAX,Silver,Pay 1,1,0,2.0,0,0,1,0,0,0,0,1,-4.2488098593398185,0.052599399548220856
455,A24 Pay-1 Film,,2025-03-01,,Pay 1 - Indie,HBO MAX,Platinum,Pay 1,1,0,0.0,0,0,1,0,0,0,0,1,-3.3472153657883332,0.09826249177927636
456,A24 Pay-1 Film,,2025-04-01,,Pay 1 - Indie,HBO MAX,Gold,Pay 1,1,0,1.0,0,0,1,0,0,0,0,1,-4.075111259315099,0.05932930696137294
457,A24 Pay-1 Film,,2025-05-01,,Pay 1 - Indie,HBO MAX,Silver,Pay 1,1,0,2.0,0,0,1,0,0,0,0,1,-4.2488098593398185,0.052599399548220856
458,A24 Pay-1 Film,,2025-06-01,,Pay 1 - Indie,HBO MAX,Silver,Pay 1,1,0,2.0,0,0,1,0,0,0,0,1,-4.2488098593398185,0.052599399548220856
459,A24 Pay-1 Film,,2025-07-01,,Pay 1 - Indie,HBO MAX,Silver,Pay 1,1,0,2.0,0,0,1,0,0,0,0,1,-4.2488098593398185,0.052599399548220856
460,A24 Pay-1 Film,,2025-08-01,,Pay 1 - Indie,HBO MAX,Gold,Pay 1,1,0,1.0,0,0,1,0,0,0,0,1,-4.075111259315099,0.05932930696137294
461,A24 Pay-1 Film,,2025-09-01,,Pay 1 - Indie,HBO MAX,Silver,Pay 1,1,0,2.0,0,0,1,0,0,0,0,1,-4.2488098593398185,0.052599399548220856
462,A24 Pay-1 Film,,2025-10-01,,Pay 1 - Indie,HBO MAX,Silver,Pay 1,1,0,2.0,0,0,1,0,0,0,0,1,-4.2488098593398185,0.052599399548220856
463,A24 Pay-1 Film,,2025-11-01,,Pay 1 - Indie,HBO MAX,Silver,Pay 1,1,0,2.0,0,0,1,0,0,0,0,1,-4.2488098593398185,0.052599399548220856
464,A24 Pay-1 Film,,2025-12-01,,Pay 1 - Indie,HBO MAX,Gold,Pay 1,1,0,1.0,0,0,1,0,0,0,0,1,-4.075111259315099,0.05932930696137294
465,A24 Pay-1 Film,,2026-01-01,,Pay 1 - Indie,HBO MAX,Silver,Pay 1,1,0,2.0,0,0,1,0,0,0,0,1,-4.2488098593398185,0.052599399548220856
466,A24 Pay-1 Film,,2026-02-01,,Pay 1 - Indie,HBO MAX,Silver,Pay 1,1,0,2.0,0,0,1,0,0,0,0,1,-4.2488098593398185,0.052599399548220856
467,A24 Pay-1 Film,,2026-03-01,,Pay 1 - Indie,HBO MAX,Platinum,Pay 1,1,0,0.0,0,0,1,0,0,0,0,1,-3.3472153657883332,0.09826249177927636
468,A24 Pay-1 Film,,2026-04-01,,Pay 1 - Indie,HBO MAX,Gold,Pay 1,1,0,1.0,0,0,1,0,0,0,0,1,-4.075111259315099,0.05932930696137294
469,A24 Pay-1 Film,,2026-05-01,,Pay 1 - Indie,HBO MAX,Silver,Pay 1,1,0,2.0,0,0,1,0,0,0,0,1,-4.2488098593398185,0.052599399548220856
470,A24 Pay-1 Film,,2026-06-01,,Pay 1 - Indie,HBO MAX,Silver,Pay 1,1,0,2.0,0,0,1,0,0,0,0,1,-4.2488098593398185,0.052599399548220856
471,A24 Pay-1 Film,,2026-07-01,,Pay 1 - Indie,HBO MAX,Silver,Pay 1,1,0,2.0,0,0,1,0,0,0,0,1,-4.2488098593398185,0.052599399548220856
472,A24 Pay-1 Film,,2026-08-01,,Pay 1 - Indie,HBO MAX,Gold,Pay 1,1,0,1.0,0,0,1,0,0,0,0,1,-4.075111259315099,0.05932930696137294
473,A24 Pay-1 Film,,2026-09-01,,Pay 1 - Indie,HBO MAX,Silver,Pay 1,1,0,2.0,0,0,1,0,0,0,0,1,-4.2488098593398185,0.052599399548220856
474,A24 Pay-1 Film,,2026-10-01,,Pay 1 - Indie,HBO MAX,Silver,Pay 1,1,0,2.0,0,0,1,0,0,0,0,1,-4.2488098593398185,0.052599399548220856
475,A24 Pay-1 Film,,2026-11-01,,Pay 1 - Indie,HBO MAX,Silver,Pay 1,1,0,2.0,0,0,1,0,0,0,0,1,-4.2488098593398185,0.052599399548220856
476,A24 Pay-1 Film,,2026-12-01,,Pay 1 - Indie,HBO MAX,Gold,Pay 1,1,0,1.0,0,0,1,0,0,0,0,1,-4.075111259315099,0.05932930696137294
477,A24 Pay-1 Film,,2027-01-01,,Pay 1 - Indie,HBO MAX,Silver,Pay 1,1,0,2.0,0,0,1,0,0,0,0,1,-4.2488098593398185,0.052599399548220856
478,A24 Pay-1 Film,,2027-02-01,,Pay 1 - Indie,HBO MAX,Silver,Pay 1,1,0,2.0,0,0,1,0,0,0,0,1,-4.2488098593398185,0.052599399548220856
479,Placeholder  ,1.0,2024-08-01,5.6,Unscripted Series - Format / Competition,HBO MAX,Gold,Unscripted,0,0,1.0,0,1,1,0,0,0,0,1,-4.798716193705795,0.035928781198979194
480,Placeholder  ,1.0,2024-09-01,5.6,Unscripted Series - Format / Competition,HBO MAX,Gold,Unscripted,0,0,1.0,0,1,1,0,0,0,0,1,-4.798716193705795,0.035928781198979194
481,Placeholder  ,1.0,2024-10-01,5.6,Unscripted Series - Format / Competition,HBO MAX,Gold,Unscripted,0,0,1.0,0,1,1,0,0,0,0,1,-4.798716193705795,0.035928781198979194
482,Placeholder  ,1.0,2024-11-01,5.6,Unscripted Series - Format / Competition,HBO MAX,Gold,Unscripted,0,0,1.0,0,1,1,0,0,0,0,1,-4.798716193705795,0.035928781198979194
483,Placeholder  ,1.0,2024-12-01,5.6,Unscripted Series - Format / Competition,HBO MAX,Gold,Unscripted,0,0,1.0,0,1,1,0,0,0,0,1,-4.798716193705795,0.035928781198979194
484,Placeholder  ,1.0,2024-08-01,5.6,Unscripted Series - Format / Competition,HBO MAX,Gold,Unscripted,0,0,1.0,0,1,1,0,0,0,0,1,-4.798716193705795,0.035928781198979194
485,Placeholder  ,1.0,2024-09-01,5.6,Unscripted Series - Format / Competition,HBO MAX,Gold,Unscripted,0,0,1.0,0,1,1,0,0,0,0,1,-4.798716193705795,0.035928781198979194
486,Placeholder  ,1.0,2024-10-01,5.6,Unscripted Series - Format / Competition,HBO MAX,Gold,Unscripted,0,0,1.0,0,1,1,0,0,0,0,1,-4.798716193705795,0.035928781198979194
487,Placeholder  ,1.0,2024-11-01,5.6,Unscripted Series - Format / Competition,HBO MAX,Gold,Unscripted,0,0,1.0,0,1,1,0,0,0,0,1,-4.798716193705795,0.035928781198979194
488,Placeholder  ,1.0,2025-06-01,5.6,Unscripted Series - Format / Competition,HBO MAX,Gold,Unscripted,0,0,1.0,0,1,1,0,0,0,0,1,-4.798716193705795,0.035928781198979194
489,Placeholder  ,1.0,2025-07-01,5.6,Unscripted Series - Format / Competition,HBO MAX,Gold,Unscripted,0,0,1.0,0,1,1,0,0,0,0,1,-4.798716193705795,0.035928781198979194
490,Placeholder  ,1.0,2025-05-01,5.6,Unscripted Series - Format / Competition,HBO MAX,Gold,Unscripted,0,0,1.0,0,1,1,0,0,0,0,1,-4.798716193705795,0.035928781198979194
491,Placeholder  ,1.0,2025-08-01,5.6,Unscripted Series - Format / Competition,HBO MAX,Gold,Unscripted,0,0,1.0,0,1,1,0,0,0,0,1,-4.798716193705795,0.035928781198979194
492,Placeholder  ,1.0,2025-04-01,5.6,Unscripted Series - Format / Competition,HBO MAX,Gold,Unscripted,0,0,1.0,0,1,1,0,0,0,0,1,-4.798716193705795,0.035928781198979194
493,Placeholder  ,1.0,2025-09-01,5.6,Unscripted Series - Format / Competition,HBO MAX,Gold,Unscripted,0,0,1.0,0,1,1,0,0,0,0,1,-4.798716193705795,0.035928781198979194
494,Placeholder  ,1.0,2025-03-01,5.6,Unscripted Series - Format / Competition,HBO MAX,Gold,Unscripted,0,0,1.0,0,1,1,0,0,0,0,1,-4.798716193705795,0.035928781198979194
495,Placeholder  ,1.0,2025-10-01,5.6,Unscripted Series - Format / Competition,HBO MAX,Gold,Unscripted,0,0,1.0,0,1,1,0,0,0,0,1,-4.798716193705795,0.035928781198979194
496,Placeholder  ,1.0,2025-02-01,5.6,Unscripted Series - Format / Competition,HBO MAX,Gold,Unscripted,0,0,1.0,0,1,1,0,0,0,0,1,-4.798716193705795,0.035928781198979194
497,Placeholder  ,1.0,2025-11-01,5.6,Unscripted Series - Format / Competition,HBO MAX,Gold,Unscripted,0,0,1.0,0,1,1,0,0,0,0,1,-4.798716193705795,0.035928781198979194
498,Placeholder  ,1.0,2025-01-01,5.6,Unscripted Series - Format / Competition,HBO MAX,Gold,Unscripted,0,0,1.0,0,1,1,0,0,0,0,1,-4.798716193705795,0.035928781198979194
499,Placeholder  ,1.0,2025-12-01,5.6,Unscripted Series - Format / Competition,HBO MAX,Gold,Unscripted,0,0,1.0,0,1,1,0,0,0,0,1,-4.798716193705795,0.035928781198979194
500,Placeholder  ,1.0,2025-06-01,5.6,Unscripted Series - Format / Competition,HBO MAX,Gold,Unscripted,0,0,1.0,0,1,1,0,0,0,0,1,-4.798716193705795,0.035928781198979194
501,Placeholder  ,1.0,2025-07-01,5.6,Unscripted Series - Format / Competition,HBO MAX,Gold,Unscripted,0,0,1.0,0,1,1,0,0,0,0,1,-4.798716193705795,0.035928781198979194
502,Placeholder  ,1.0,2025-05-01,5.6,Unscripted Series - Format / Competition,HBO MAX,Gold,Unscripted,0,0,1.0,0,1,1,0,0,0,0,1,-4.798716193705795,0.035928781198979194
503,Placeholder  ,1.0,2025-08-01,5.6,Unscripted Series - Format / Competition,HBO MAX,Gold,Unscripted,0,0,1.0,0,1,1,0,0,0,0,1,-4.798716193705795,0.035928781198979194
504,Placeholder  ,1.0,2025-04-01,5.6,Unscripted Series - Format / Competition,HBO MAX,Gold,Unscripted,0,0,1.0,0,1,1,0,0,0,0,1,-4.798716193705795,0.035928781198979194
505,Placeholder  ,1.0,2026-06-01,5.6,Unscripted Series - Format / Competition,HBO MAX,Gold,Unscripted,0,0,1.0,0,1,1,0,0,0,0,1,-4.798716193705795,0.035928781198979194
506,Placeholder  ,1.0,2026-07-01,5.6,Unscripted Series - Format / Competition,HBO MAX,Gold,Unscripted,0,0,1.0,0,1,1,0,0,0,0,1,-4.798716193705795,0.035928781198979194
507,Placeholder  ,1.0,2026-05-01,5.6,Unscripted Series - Format / Competition,HBO MAX,Gold,Unscripted,0,0,1.0,0,1,1,0,0,0,0,1,-4.798716193705795,0.035928781198979194
508,Placeholder  ,1.0,2026-08-01,5.6,Unscripted Series - Format / Competition,HBO MAX,Gold,Unscripted,0,0,1.0,0,1,1,0,0,0,0,1,-4.798716193705795,0.035928781198979194
509,Placeholder  ,1.0,2026-04-01,5.6,Unscripted Series - Format / Competition,HBO MAX,Gold,Unscripted,0,0,1.0,0,1,1,0,0,0,0,1,-4.798716193705795,0.035928781198979194
510,Placeholder  ,1.0,2026-09-01,5.6,Unscripted Series - Format / Competition,HBO MAX,Gold,Unscripted,0,0,1.0,0,1,1,0,0,0,0,1,-4.798716193705795,0.035928781198979194
511,Placeholder  ,1.0,2026-03-01,5.6,Unscripted Series - Format / Competition,HBO MAX,Gold,Unscripted,0,0,1.0,0,1,1,0,0,0,0,1,-4.798716193705795,0.035928781198979194
512,Placeholder  ,1.0,2026-10-01,5.6,Unscripted Series - Format / Competition,HBO MAX,Gold,Unscripted,0,0,1.0,0,1,1,0,0,0,0,1,-4.798716193705795,0.035928781198979194
513,Placeholder  ,1.0,2026-02-01,5.6,Unscripted Series - Format / Competition,HBO MAX,Gold,Unscripted,0,0,1.0,0,1,1,0,0,0,0,1,-4.798716193705795,0.035928781198979194
514,Placeholder  ,1.0,2026-11-01,5.6,Unscripted Series - Format / Competition,HBO MAX,Gold,Unscripted,0,0,1.0,0,1,1,0,0,0,0,1,-4.798716193705795,0.035928781198979194
515,Placeholder  ,1.0,2026-01-01,5.6,Unscripted Series - Format / Competition,HBO MAX,Gold,Unscripted,0,0,1.0,0,1,1,0,0,0,0,1,-4.798716193705795,0.035928781198979194
516,Placeholder  ,1.0,2026-12-01,5.6,Unscripted Series - Format / Competition,HBO MAX,Gold,Unscripted,0,0,1.0,0,1,1,0,0,0,0,1,-4.798716193705795,0.035928781198979194
517,Placeholder  ,1.0,2026-06-01,5.6,Unscripted Series - Format / Competition,HBO MAX,Gold,Unscripted,0,0,1.0,0,1,1,0,0,0,0,1,-4.798716193705795,0.035928781198979194
518,Placeholder  ,1.0,2026-07-01,5.6,Unscripted Series - Format / Competition,HBO MAX,Gold,Unscripted,0,0,1.0,0,1,1,0,0,0,0,1,-4.798716193705795,0.035928781198979194
519,Placeholder  ,1.0,2026-05-01,5.6,Unscripted Series - Format / Competition,HBO MAX,Gold,Unscripted,0,0,1.0,0,1,1,0,0,0,0,1,-4.798716193705795,0.035928781198979194
520,Placeholder  ,1.0,2026-08-01,5.6,Unscripted Series - Format / Competition,HBO MAX,Gold,Unscripted,0,0,1.0,0,1,1,0,0,0,0,1,-4.798716193705795,0.035928781198979194
521,Placeholder  ,1.0,2026-04-01,5.6,Unscripted Series - Format / Competition,HBO MAX,Gold,Unscripted,0,0,1.0,0,1,1,0,0,0,0,1,-4.798716193705795,0.035928781198979194
522,Placeholder  ,1.0,2027-06-01,5.6,Unscripted Series - Format / Competition,HBO MAX,Gold,Unscripted,0,0,1.0,0,1,1,0,0,0,0,1,-4.798716193705795,0.035928781198979194
523,Placeholder  ,1.0,2027-07-01,5.6,Unscripted Series - Format / Competition,HBO MAX,Gold,Unscripted,0,0,1.0,0,1,1,0,0,0,0,1,-4.798716193705795,0.035928781198979194
524,Placeholder  ,1.0,2027-05-01,5.6,Unscripted Series - Format / Competition,HBO MAX,Gold,Unscripted,0,0,1.0,0,1,1,0,0,0,0,1,-4.798716193705795,0.035928781198979194
525,Placeholder  ,1.0,2027-08-01,5.6,Unscripted Series - Format / Competition,HBO MAX,Gold,Unscripted,0,0,1.0,0,1,1,0,0,0,0,1,-4.798716193705795,0.035928781198979194
526,Placeholder  ,1.0,2027-04-01,5.6,Unscripted Series - Format / Competition,HBO MAX,Gold,Unscripted,0,0,1.0,0,1,1,0,0,0,0,1,-4.798716193705795,0.035928781198979194
527,Placeholder  ,1.0,2027-09-01,5.6,Unscripted Series - Format / Competition,HBO MAX,Gold,Unscripted,0,0,1.0,0,1,1,0,0,0,0,1,-4.798716193705795,0.035928781198979194
528,Placeholder  ,1.0,2027-03-01,5.6,Unscripted Series - Format / Competition,HBO MAX,Gold,Unscripted,0,0,1.0,0,1,1,0,0,0,0,1,-4.798716193705795,0.035928781198979194
529,Placeholder  ,1.0,2027-10-01,5.6,Unscripted Series - Format / Competition,HBO MAX,Gold,Unscripted,0,0,1.0,0,1,1,0,0,0,0,1,-4.798716193705795,0.035928781198979194
530,Placeholder  ,1.0,2027-02-01,5.6,Unscripted Series - Format / Competition,HBO MAX,Gold,Unscripted,0,0,1.0,0,1,1,0,0,0,0,1,-4.798716193705795,0.035928781198979194
531,Placeholder  ,1.0,2027-11-01,5.6,Unscripted Series - Format / Competition,HBO MAX,Gold,Unscripted,0,0,1.0,0,1,1,0,0,0,0,1,-4.798716193705795,0.035928781198979194
532,Placeholder  ,1.0,2027-01-01,5.6,Unscripted Series - Format / Competition,HBO MAX,Gold,Unscripted,0,0,1.0,0,1,1,0,0,0,0,1,-4.798716193705795,0.035928781198979194
533,Placeholder  ,1.0,2027-12-01,5.6,Unscripted Series - Format / Competition,HBO MAX,Gold,Unscripted,0,0,1.0,0,1,1,0,0,0,0,1,-4.798716193705795,0.035928781198979194
534,Placeholder  ,1.0,2027-06-01,5.6,Unscripted Series - Format / Competition,HBO MAX,Gold,Unscripted,0,0,1.0,0,1,1,0,0,0,0,1,-4.798716193705795,0.035928781198979194
535,Placeholder  ,1.0,2027-07-01,5.6,Unscripted Series - Format / Competition,HBO MAX,Gold,Unscripted,0,0,1.0,0,1,1,0,0,0,0,1,-4.798716193705795,0.035928781198979194
536,Placeholder  ,1.0,2027-05-01,5.6,Unscripted Series - Format / Competition,HBO MAX,Gold,Unscripted,0,0,1.0,0,1,1,0,0,0,0,1,-4.798716193705795,0.035928781198979194
537,Placeholder  ,1.0,2027-08-01,5.6,Unscripted Series - Format / Competition,HBO MAX,Gold,Unscripted,0,0,1.0,0,1,1,0,0,0,0,1,-4.798716193705795,0.035928781198979194
538,Placeholder  ,1.0,2027-04-01,5.6,Unscripted Series - Format / Competition,HBO MAX,Gold,Unscripted,0,0,1.0,0,1,1,0,0,0,0,1,-4.798716193705795,0.035928781198979194
